,Sales,Quantity,Discount,Profit,clusters
0,48.896,4,0.2,8.5568,0
2,3.6,2,0.0,1.728,0
4,141.42,5,0.6,187.3815,1
6,12.736,4,0.2,2.2288,0
7,6.47,5,0.8,9.705,0
8,13.748,14,0.8,22.6842,0
9,15.224,2,0.8,38.8212,0
11,15.66,5,0.7,12.528,0
12,28.854,6,0.7,21.1596,0
13,31.744,2,0.2,3.968,0
14,5.432,2,0.8,13.58,0
17,16.59,1,0.0,5.8065,0
18,38.88,6,0.0,18.6624,0
20,9.12,3,0.0,3.1008,0
21,33.74,7,0.0,15.5204,0
23,2.808,3,0.7,1.9656,0
24,153.78,11,0.0,44.5962,2
25,61.02,3,0.0,0.6102,0
26,110.11,7,0.0,31.9319,2
27,7.89,1,0.0,3.5505,0
29,274.491,3,0.7,228.7425,1
30,40.08,6,0.0,19.2384,0
31,37.68,2,0.0,15.8256,0
32,9.78,1,0.0,4.89,0
34,32.4,5,0.0,15.552,0
35,209.94,6,0.0,54.5844,1
37,212.94,3,0.0,53.235,1
38,21.744,1,0.2,7.3386,0
39,7.92,5,0.2,0.693,0
40,169.064,7,0.2,14.7931,1
41,168.624,9,0.2,14.7546,1
42,18.336,3,0.2,6.6468,0
43,36.288,7,0.2,12.7008,0
44,111.984,2,0.2,6.999,2
45,5.97,5,0.7,4.577,0
46,2.508,2,0.7,1.8392,0
47,154.9,5,0.0,69.705,1
48,67.4,5,0.0,17.524,2
49,2.52,2,0.0,0.1008,0
50,67.8,4,0.0,1.356,2
51,18.76,2,0.0,5.2528,0
52,12.12,4,0.0,2.5452,0
53,11.34,1,0.0,5.5566,0
54,159.8,4,0.0,70.312,1
55,18.96,2,0.0,8.532,0
56,34.384,1,0.2,3.8682,0
58,12.7,2,0.0,5.842,0
59,21.4,5,0.0,6.206,0
60,32.784,4,0.8,52.4544,0
61,47.984,2,0.2,14.3952,0
62,62.592,8,0.2,13.3008,2
63,4.276,1,0.8,6.6278,0
64,27.92,4,0.0,8.0968,0
68,56.07,7,0.0,25.2315,0
69,6.0,2,0.2,2.1,0
71,31.968,2,0.2,6.3936,0
73,21.696,4,0.2,7.0512,0
74,79.92,4,0.0,37.5624,2
75,12.28,1,0.0,5.7716,0
77,2.04,1,0.0,0.9588,0
78,207.846,3,0.1,2.3094,1
79,160.776,3,0.2,10.0485,2
80,24.2,5,0.0,7.986,0
82,3.52,2,0.0,1.0208,0
83,11.52,5,0.2,4.176,0
84,242.94,3,0.0,9.7176,1
85,179.97,3,0.0,86.3856,1
86,99.696,6,0.2,33.6474,2
87,27.936,4,0.2,9.4284,0
88,84.98,1,0.0,18.6956,2
89,18.72,5,0.2,6.552,0
91,35.784,7,0.7,28.6272,0
92,14.4,5,0.0,7.056,0
94,89.52,4,0.0,42.0744,2
96,164.99,1,0.0,49.497,1
97,268.576,4,0.2,90.6444,1
99,51.45,3,0.0,13.8915,0
100,11.96,2,0.0,5.382,0
102,15.12,5,0.2,4.914,0
103,7.872,3,0.2,0.8856,0
104,210.98,2,0.0,21.098,1
105,19.68,5,0.2,6.888,0
106,25.92,4,0.0,12.4416,0
107,6.48,1,0.0,3.1104,0
108,86.352,6,0.2,8.6352,2
109,95.984,2,0.2,11.998,2
110,4.938,2,0.7,3.6212,0
111,5.67,3,0.0,0.1134,0
112,25.86,3,0.0,6.7236,0
113,276.784,2,0.2,89.9548,1
114,110.352,3,0.2,8.2764,2
115,15.47,7,0.0,4.1769,0
116,7.16,2,0.0,3.4368,0
117,18.16,2,0.2,1.816,0
118,11.84,8,0.0,5.6832,0
119,62.72,4,0.0,24.4608,2
121,14.016,3,0.2,1.752,0
122,71.976,3,0.2,8.997,2
123,107.982,3,0.4,26.9955,2
124,137.94,3,0.0,35.8644,2
125,239.97,3,0.0,26.3967,1
126,37.74,3,0.0,12.8316,0
127,279.9,5,0.0,137.151,1
129,12.128,4,0.8,20.6176,0
130,8.34,3,0.0,2.1684,0
131,8.57,1,0.0,2.2282,0
132,119.616,8,0.2,40.3704,2
133,5.22,2,0.0,2.4012,0
134,4.768,2,0.2,0.4768,0
135,12.96,2,0.0,6.2208,0
136,94.85,5,0.0,45.528,2
137,13.48,1,0.0,3.5048,0
138,14.91,3,0.0,4.6221,0
139,18.28,2,0.0,9.14,0
140,207.0,3,0.0,51.75,1
141,32.35,5,0.0,16.175,0
142,7.71,1,0.0,3.4695,0
143,40.3,2,0.0,10.881,0
144,34.58,7,0.0,14.5236,0
145,129.3,2,0.0,6.465,2
146,12.74,7,0.0,5.733,0
147,8.82,3,0.0,2.3814,0
148,120.784,1,0.2,13.5882,2
150,69.375,1,0.5,47.175,2
151,31.68,4,0.2,2.772,0
153,9.344,2,0.2,3.1536,0
155,59.97,5,0.4,11.994,0
156,78.304,2,0.2,29.364,2
157,21.456,9,0.2,6.9732,0
158,86.26,2,0.0,29.3284,2
159,139.04,4,0.0,38.9312,2
160,46.8,4,0.0,16.38,0
161,210.58,2,0.0,12.6348,1
162,30.96,2,0.2,10.062,0
163,239.984,2,0.2,38.9974,1
164,5.229,3,0.7,4.1832,0
165,285.552,2,0.2,35.694,1
166,3.882,2,0.7,2.588,0
167,115.296,3,0.2,40.3536,2
168,5.184,1,0.2,1.8144,0
169,65.584,2,0.2,23.7742,2
170,22.2,1,0.6,26.085,0
172,32.67,3,0.0,8.4942,0
174,7.12,5,0.2,0.712,0
178,240.784,1,0.2,30.098,1
179,227.46,6,0.0,65.9634,1
180,46.24,4,0.2,15.606,0
181,29.9,5,0.0,13.455,0
183,127.984,2,0.2,15.998,2
184,3.984,2,0.6,2.6892,0
185,12.992,2,0.8,32.48,0
186,21.12,4,0.0,6.5472,0
188,203.983,2,0.15,16.7986,1
189,23.12,4,0.0,11.3288,0
190,21.336,7,0.2,7.7343,0
192,88.776,3,0.2,7.7679,2
193,20.7,2,0.0,9.936,0
194,147.568,2,0.2,3.6892,2
195,6.63,3,0.0,1.7901,0
197,107.53,1,0.0,21.506,2
198,25.02,3,0.0,6.5052,0
199,10.71,3,0.0,2.7846,0
200,17.94,3,0.0,8.7906,0
201,90.64,8,0.0,38.9752,2
202,37.94,2,0.0,18.2112,0
204,14.99,1,0.0,7.3451,0
205,18.368,2,0.2,6.1992,0
207,50.352,3,0.2,8.1822,0
208,28.032,6,0.2,3.504,0
209,7.692,1,0.6,3.6537,0
211,124.792,1,0.2,10.9193,2
212,29.16,3,0.0,8.4564,0
213,11.76,2,0.0,5.7624,0
214,166.45,5,0.0,39.948,1
215,89.0664,1,0.32,17.0274,2
216,175.44,6,0.2,52.632,1
219,5.715,5,0.7,4.7625,0
220,57.594,1,0.4,11.5188,0
221,30.144,2,0.2,8.2896,0
223,167.976,3,0.2,10.4985,1
224,109.53,3,0.0,47.0979,2
225,9.82,2,0.0,4.8118,0
227,11.22,3,0.0,0.2244,0
228,12.84,3,0.0,3.4668,0
229,44.67,3,0.0,12.0609,0
230,22.23,1,0.0,7.3359,0
231,215.968,2,0.2,18.8972,1
232,6.56,2,0.0,1.9024,0
233,13.11,3,0.0,3.4086,0
234,9.432,3,0.2,3.0654,0
236,31.992,1,0.2,4.7988,0
237,51.168,2,0.2,6.396,0
238,10.64,5,0.2,3.857,0
239,68.704,2,0.2,16.3172,2
241,47.904,1,0.2,2.994,0
242,37.44,6,0.0,16.848,0
243,8.4,5,0.0,0.336,0
244,71.96,5,0.2,25.186,2
245,4.956,4,0.7,3.7996,0
246,123.92,5,0.2,38.725,2
248,1.788,3,0.8,3.0396,0
249,196.784,2,0.2,22.1382,1
250,231.92,5,0.2,5.798,1
251,81.92,4,0.0,22.1184,2
254,223.92,4,0.0,109.7208,1
255,23.12,4,0.0,11.3288,0
257,91.96,2,0.0,15.6332,2
258,258.576,2,0.2,19.3932,1
259,29.6,4,0.0,13.32,0
260,9.84,2,0.0,4.7232,0
261,7.78,1,0.0,3.501,0
262,6.976,4,0.2,1.3952,0
263,12.222,7,0.8,20.1663,0
264,196.776,3,0.2,14.7582,1
266,59.52,3,0.0,15.4752,0
267,57.96,7,0.0,27.2412,2
269,68.04,6,0.0,33.3396,2
270,18.528,4,0.7,12.352,0
271,107.648,2,0.2,33.64,2
272,0.556,1,0.8,0.9452,0
273,72.8,5,0.0,19.656,2
274,26.88,8,0.2,9.744,0
275,180.98,1,0.0,47.0548,1
276,99.98,2,0.0,42.9914,2
278,170.352,3,0.2,17.0352,1
280,9.32,4,0.0,2.7028,0
281,15.25,1,0.0,7.015,0
282,89.568,2,0.2,32.4684,2
283,103.5,5,0.6,77.625,2
284,2.464,1,0.2,0.8624,0
285,8.72,1,0.2,0.654,0
286,25.06,2,0.0,11.7782,0
287,7.9,2,0.0,2.528,0
288,221.16,4,0.0,57.5016,1
289,127.96,2,0.0,62.7004,2
290,18.69,3,0.0,9.1581,0
291,42.68,4,0.0,19.6328,0
292,299.97,3,0.0,125.9874,1
293,262.24,2,0.0,78.672,1
294,234.36,6,0.0,112.4928,1
295,26.38,1,0.0,12.1348,0
296,71.97,3,0.0,16.5531,2
297,14.976,9,0.2,5.4288,0
298,67.78,2,0.0,16.945,2
299,23.88,6,0.0,8.1192,0
300,11.52,4,0.0,5.6448,0
301,286.93,7,0.0,140.5957,1
302,206.384,2,0.2,23.2182,1
303,4.928,2,0.2,1.7248,0
304,63.488,4,0.2,4.7616,0
305,49.08,3,0.0,4.908,0
306,25.92,6,0.2,9.072,0
307,91.59,3,0.0,42.1314,2
309,20.7,2,0.0,9.936,0
310,171.2,5,0.2,64.2,1
311,3.36,2,0.0,0.8736,0
312,199.98,2,0.0,69.993,1
314,30.84,5,0.2,9.6375,0
315,5.248,2,0.2,0.5904,0
316,35.91,3,0.4,8.379,0
317,6.696,1,0.2,0.5022,0
318,43.872,2,0.2,11.5164,0
319,53.982,3,0.4,10.7964,0
320,48.784,1,0.2,3.6588,0
321,13.092,4,0.7,10.0372,0
322,111.96,4,0.0,21.2724,2
326,12.294,1,0.7,8.6058,0
327,154.764,3,0.4,46.4292,2
328,43.28,1,0.2,3.246,0
329,63.88,4,0.0,24.9132,2
330,26.72,1,0.0,11.7568,0
331,69.93,7,0.0,32.1678,2
332,242.94,3,0.0,9.7176,1
333,40.41,9,0.0,18.5886,0
335,90.8,8,0.0,25.424,2
336,140.736,8,0.2,49.2576,2
337,214.95,5,0.0,88.1295,1
338,45.36,7,0.0,21.7728,0
339,288.24,6,0.0,138.3552,1
341,19.456,4,0.2,2.1888,0
342,209.986,2,0.3,8.9994,1
343,29.76,5,0.2,1.86,0
344,89.768,1,0.3,2.5648,2
346,15.552,3,0.2,5.6376,0
347,34.36,1,0.2,7.3015,0
348,30.88,2,0.0,15.44,0
350,27.12,4,0.0,12.4752,0
351,174.3,3,0.0,81.921,1
352,299.9,2,0.0,74.975,1
353,7.992,1,0.2,2.5974,0
354,49.616,2,0.2,4.9616,0
355,6.48,1,0.0,3.1104,0
356,46.51,1,0.0,1.8604,0
359,44.376,2,0.4,7.396,0
360,51.264,6,0.2,7.6896,0
361,5.193,3,0.7,3.462,0
362,159.984,2,0.2,43.9956,1
363,54.224,2,0.2,3.389,0
365,70.464,6,0.2,22.9008,2
366,19.68,5,0.2,6.888,0
367,140.67,3,0.0,54.8613,2
368,17.456,2,0.2,5.8914,0
369,18.75,5,0.0,9.0,0
370,119.7,6,0.0,31.122,2
371,9.144,3,0.2,3.0861,0
372,57.06,3,0.0,18.2592,0
373,71.6,8,0.0,13.604,2
374,107.44,8,0.0,27.9344,2
375,7.31,1,0.0,3.4357,0
376,59.1,6,0.0,22.458,0
377,46.53,3,0.0,12.0978,0
378,13.776,6,0.8,22.0416,0
379,10.272,3,0.2,3.21,0
380,4.608,2,0.2,1.6704,0
381,2.688,3,0.8,7.392,0
382,27.816,3,0.2,4.5201,0
383,82.524,3,0.6,41.262,2
385,23.832,3,0.2,6.5538,0
386,46.2,4,0.0,21.252,0
388,13.9,5,0.0,3.753,0
389,19.4,5,0.0,9.312,0
390,90.86,7,0.0,26.3494,2
391,28.91,7,0.0,13.2986,0
392,19.824,6,0.2,6.6906,0
394,99.54,2,0.0,10.9494,2
395,199.96,4,0.0,85.9828,1
396,14.624,2,0.2,5.1184,0
398,30.93,1,0.0,12.6813,0
399,27.496,7,0.2,9.2799,0
401,8.94,3,0.0,2.4138,0
402,2.91,1,0.0,1.3677,0
403,265.93,7,0.0,63.8232,1
404,238.0,2,0.0,38.08,1
405,61.96,2,0.0,27.882,2
406,56.704,2,0.2,19.1376,0
407,274.064,7,0.2,102.774,1
408,277.4,5,0.0,133.152,1
409,5.78,1,0.0,2.8322,0
412,10.896,3,0.2,3.9498,0
413,8.544,2,0.2,2.8836,0
414,64.384,1,0.2,8.048,2
415,8.856,3,0.2,2.8782,0
416,30.576,6,0.2,10.3194,0
417,13.02,7,0.0,0.3906,0
418,22.14,3,0.0,6.4206,0
420,211.84,8,0.0,76.2624,1
421,143.728,2,0.2,32.3388,2
422,25.68,6,0.0,11.556,0
424,34.76,5,0.2,11.297,0
425,32.48,2,0.0,4.872,0
426,20.04,3,0.0,9.6192,0
428,221.92,4,0.0,106.5216,1
429,26.0,2,0.0,11.7,0
430,47.01,3,0.0,22.0947,0
432,207.846,3,0.1,2.3094,1
433,271.764,2,0.1,60.392,1
434,12.768,2,0.2,0.9576,0
436,176.04,4,0.0,45.7704,1
437,16.02,9,0.0,4.4856,0
438,185.92,4,0.2,62.748,1
439,211.168,4,0.2,15.8376,1
441,90.99,1,0.0,14.5584,2
444,6.848,2,0.2,2.14,0
445,23.1,2,0.0,6.93,0
446,11.05,5,0.0,2.9835,0
447,257.568,2,0.2,28.9764,1
448,119.96,4,0.0,33.5888,2
449,19.83,1,0.0,5.949,0
450,60.84,3,0.0,23.1192,2
451,53.25,3,0.0,20.7675,0
452,3.76,2,0.0,1.316,0
453,143.96,5,0.2,1.7995,2
455,74.352,3,0.2,23.235,2
456,87.168,8,0.8,226.6368,2
457,32.232,3,0.2,2.4174,0
458,15.008,2,0.2,1.5008,0
459,45.68,2,0.0,21.0128,0
460,110.96,2,0.0,53.2608,2
461,11.94,3,0.0,5.97,0
462,8.26,2,0.0,3.7996,0
463,17.76,2,0.0,8.88,0
465,292.1,2,0.0,58.42,1
466,206.1,5,0.0,55.647,1
467,17.64,4,0.0,8.1144,0
470,39.992,1,0.2,6.9986,0
471,211.246,2,0.3,66.3916,1
472,68.742,9,0.7,48.1194,2
473,12.96,2,0.0,6.3504,0
474,26.48,1,0.0,10.0624,0
476,26.72,4,0.0,12.8256,0
477,20.04,3,0.0,9.6192,0
479,21.56,7,0.0,6.8992,0
480,81.4,5,0.0,21.164,2
482,5.715,5,0.7,4.7625,0
483,59.76,1,0.0,16.7328,0
484,6.08,2,0.0,2.0672,0
485,164.792,1,0.2,18.5391,2
486,94.2,5,0.0,39.564,2
487,205.3328,2,0.32,36.2352,1
488,29.78,2,0.0,8.0406,0
490,75.04,8,0.0,36.0192,2
491,84.95,5,0.0,22.087,2
492,61.0,5,0.0,25.62,2
494,13.468,13,0.8,22.8956,0
495,34.54,1,0.0,17.27,0
497,64.12,4,0.0,30.7776,2
498,33.62,5,0.8,90.774,0
499,29.7,3,0.0,8.019,0
500,94.2,6,0.0,23.55,2
501,28.4,5,0.0,13.348,0
502,5.78,2,0.0,2.7166,0
503,121.68,13,0.2,38.025,2
506,42.93,9,0.0,19.3185,0
507,23.976,3,0.2,5.6943,0
508,6.264,3,0.2,2.0358,0
509,20.808,3,0.2,1.8207,0
510,218.352,3,0.2,19.1058,1
511,127.95,3,0.0,21.7515,2
512,25.11,3,0.0,6.5286,0
515,11.12,4,0.0,2.8912,0
516,14.94,3,0.0,6.8724,0
517,25.472,4,0.2,7.6416,0
518,7.056,3,0.2,2.205,0
520,41.22,1,0.0,11.1294,0
521,240.37,1,0.0,7.2111,1
522,119.02,2,0.0,33.3256,2
523,16.98,1,0.0,8.49,0
524,7.04,4,0.0,2.0416,0
525,106.32,3,0.0,49.9704,2
526,8.1,5,0.7,5.94,0
527,233.86,2,0.45,102.048,1
529,5.328,2,0.7,3.552,0
530,258.072,3,0.2,0.0,1
532,16.256,2,0.2,1.2192,0
533,219.184,2,0.2,19.1786,1
534,56.28,6,0.0,15.7584,0
537,41.95,5,0.0,10.4875,0
538,244.55,5,0.0,114.9385,1
539,195.76,4,0.0,97.88,1
540,273.96,2,0.0,71.2296,1
542,9.82,2,0.0,4.8118,0
543,35.97,3,0.0,9.7119,0
544,12.96,2,0.0,6.2208,0
545,191.6,4,0.0,91.968,1
546,8.64,3,0.0,4.2336,0
548,15.12,3,0.2,4.914,0
549,17.43,1,0.7,13.363,0
550,251.64,3,0.2,88.074,1
552,37.896,4,0.7,29.0536,0
553,65.584,2,0.2,23.7742,2
554,7.61,1,0.0,3.5767,0
555,7.16,2,0.0,3.58,0
556,10.368,2,0.2,3.6288,0
557,95.736,3,0.2,20.3439,2
558,12.32,5,0.2,1.848,0
559,4.419,3,0.7,3.0933,0
560,99.99,1,0.0,41.9958,2
561,286.15,5,0.0,71.5375,1
562,195.104,4,0.2,21.9492,1
563,36.672,3,0.2,6.4176,0
564,199.95,5,0.0,21.9945,1
565,41.86,7,0.0,14.2324,0
566,11.364,3,0.8,17.046,0
567,16.768,2,0.2,1.4672,0
568,27.12,2,0.2,4.746,0
569,1.752,1,0.2,0.1533,0
570,20.992,8,0.2,2.3616,0
571,29.7,5,0.0,13.365,0
572,39.96,4,0.0,17.982,0
573,5.28,1,0.0,2.376,0
576,7.92,5,0.2,1.683,0
577,14.592,3,0.2,2.5536,0
578,89.856,3,0.2,21.3408,2
579,13.872,3,0.2,5.0286,0
580,8.76,2,0.0,4.2048,0
581,10.776,3,0.2,3.5022,0
582,242.352,3,0.2,9.0882,1
583,198.272,8,0.2,32.2192,1
584,74.45,5,0.0,20.1015,2
585,15.552,3,0.2,5.4432,0
586,4.89,1,0.0,2.0049,0
587,196.45,5,0.0,70.722,1
588,79.14,3,0.0,36.4044,2
589,20.736,4,0.2,7.2576,0
590,15.57,3,0.7,11.937,0
591,16.52,5,0.2,2.065,0
592,13.71,5,0.7,10.054,0
593,205.92,4,0.0,2.0592,1
594,102.833,1,0.15,6.049,2
596,25.98,2,0.0,1.5588,0
597,26.046,3,0.8,44.2782,0
598,2.896,1,0.8,4.7784,0
599,32.544,2,0.2,7.7292,0
600,40.74,3,0.0,12.222,0
601,12.03,5,0.7,9.223,0
603,21.594,2,0.7,15.8356,0
604,8.964,6,0.7,6.5736,0
605,20.736,4,0.2,7.2576,0
606,60.312,3,0.2,5.2773,0
607,28.14,3,0.0,13.5072,0
608,7.38,2,0.0,3.4686,0
609,10.9,5,0.0,3.597,0
610,274.89,11,0.0,46.7313,1
611,23.04,8,0.0,11.2896,0
612,218.352,3,0.2,19.1058,1
613,195.136,4,0.2,43.9056,1
614,44.4,2,0.6,52.17,0
615,51.968,2,0.2,10.3936,0
616,51.336,3,0.2,5.7753,0
618,42.408,3,0.2,9.5418,0
620,15.76,2,0.2,3.546,0
621,14.56,5,0.6,6.188,0
622,146.86,7,0.0,70.4928,2
623,36.56,4,0.0,18.28,0
625,8.7,5,0.7,6.38,0
626,122.382,3,0.4,24.4764,2
627,97.264,4,0.8,243.16,2
628,2.694,3,0.8,4.7145,0
629,2.934,3,0.8,4.9878,0
630,11.54,1,0.0,3.462,0
631,162.6,3,0.0,34.146,1
633,47.976,3,0.2,8.3958,0
634,20.736,4,0.2,7.2576,0
635,18.28,2,0.0,6.2152,0
636,254.352,3,0.2,0.0,1
638,121.94,2,0.0,35.3626,2
639,122.71,7,0.0,36.813,2
640,155.34,6,0.0,55.9224,2
641,54.9,5,0.0,15.372,0
642,11.76,5,0.7,7.84,0
643,5.344,1,0.2,1.8704,0
644,66.36,7,0.0,26.544,2
645,92.88,6,0.2,30.186,2
646,24.14,2,0.0,7.9662,0
648,45.408,2,0.2,11.9196,0
649,77.952,3,0.2,11.6928,2
650,3.0,1,0.2,1.05,0
651,18.688,2,0.2,7.008,0
652,11.664,3,0.2,3.3534,0
653,99.28,2,0.2,12.41,2
654,1.188,2,0.7,0.99,0
655,7.518,2,0.7,5.7638,0
656,113.568,2,0.2,21.294,2
657,1.81,1,0.0,0.6516,0
659,69.98,2,0.0,4.8986,2
660,10.43,5,0.8,18.2525,0
661,72.784,1,0.2,18.196,2
662,13.904,2,0.2,4.5188,0
663,42.048,9,0.2,5.256,0
664,67.92,5,0.2,6.792,2
665,8.896,4,0.2,0.6672,0
666,19.05,3,0.0,8.763,0
667,73.344,3,0.2,27.504,2
668,107.97,3,0.0,22.6737,2
670,1.988,1,0.6,1.4413,0
671,20.34,3,0.0,9.3564,0
672,39.28,8,0.0,19.2472,0
673,33.12,4,0.2,11.592,0
674,220.2656,4,0.32,42.1096,1
675,123.92,4,0.0,33.4584,2
676,12.39,3,0.0,5.6994,0
677,47.3,2,0.0,12.298,0
678,139.58,7,0.0,39.0824,2
679,8.384,1,0.2,0.7336,0
680,6.848,2,0.2,0.7704,0
681,28.08,3,0.2,5.265,0
684,4.91,1,0.0,2.4059,0
685,62.96,4,0.0,28.332,2
687,13.896,3,0.7,9.264,0
688,4.608,2,0.2,1.6704,0
689,15.528,3,0.2,4.8525,0
690,11.952,3,0.2,3.8844,0
691,23.68,8,0.2,6.216,0
692,2.376,3,0.2,0.7425,0
693,10.368,2,0.2,3.6288,0
694,5.76,2,0.0,2.8224,0
695,43.372,7,0.8,69.3952,0
696,163.96,4,0.0,80.3404,1
697,64.96,2,0.0,21.4368,2
698,30.56,4,0.0,14.9744,0
699,9.78,2,0.0,4.0098,0
700,23.24,5,0.2,7.553,0
701,4.842,3,0.7,3.5508,0
702,220.704,6,0.2,8.2764,1
703,48.9,5,0.0,18.093,0
704,3.328,2,0.2,0.416,0
708,4.608,2,0.2,1.4976,0
709,129.93,3,0.0,12.993,2
710,159.56,4,0.0,59.0372,1
711,15.7,5,0.0,7.065,0
712,59.52,3,0.0,15.4752,0
713,34.4,5,0.0,15.824,0
714,69.52,2,0.0,19.4656,2
716,25.92,4,0.0,12.4416,0
717,22.96,7,0.0,6.6584,0
718,32.448,2,0.2,7.3008,0
719,26.388,4,0.7,17.592,0
721,64.2,5,0.7,44.94,2
722,8.0,2,0.2,2.8,0
723,183.96,5,0.2,20.6955,1
724,17.61,3,0.0,8.4528,0
726,9.11,1,0.0,4.0995,0
728,32.4,5,0.0,15.552,0
729,16.91,1,0.0,4.5657,0
730,2.313,1,0.7,1.9275,0
731,2.202,2,0.7,1.5414,0
732,9.396,3,0.7,7.5168,0
733,243.16,2,0.0,72.948,1
734,23.16,2,0.0,11.58,0
735,21.24,9,0.2,7.434,0
736,9.552,8,0.7,7.3232,0
737,89.991,3,0.7,152.9847,2
738,34.5,3,0.0,15.525,0
739,6.68,1,0.0,3.2064,0
740,6.408,3,0.2,0.6408,0
742,59.2,4,0.0,29.6,2
743,54.66,6,0.0,18.0378,0
744,11.06,10,0.8,18.802,0
747,68.541,11,0.7,52.5481,2
749,122.12,5,0.2,39.689,2
750,152.94,3,0.0,41.2938,2
751,84.416,4,0.2,27.4352,2
752,191.968,4,0.2,28.7952,1
754,26.64,1,0.0,7.4592,0
756,87.444,2,0.1,18.4604,2
757,79.99,1,0.0,28.7964,2
759,47.992,2,0.3,2.0568,0
761,128.058,3,0.3,23.7822,2
762,81.08,4,0.0,22.7024,2
763,41.472,8,0.2,14.5152,0
764,65.232,3,0.2,22.0158,2
765,207.0,3,0.2,25.875,1
766,147.92,5,0.2,46.225,2
767,104.28,3,0.0,26.07,2
768,286.85,1,0.0,63.107,1
769,66.96,4,0.0,2.6784,2
770,199.98,2,0.0,87.9912,1
771,37.44,6,0.0,16.848,0
772,37.59,3,0.0,17.6673,0
773,26.032,2,0.2,9.4366,0
774,5.248,2,0.2,0.5904,0
775,74.416,2,0.2,14.8832,2
776,6.848,2,0.2,2.14,0
777,7.996,1,0.6,6.9965,0
779,43.92,3,0.0,12.7368,0
780,127.92,5,0.2,15.99,2
781,34.24,4,0.8,53.072,0
782,87.6,5,0.0,42.048,2
783,10.272,3,0.2,1.1556,0
784,238.62,2,0.0,4.7724,1
785,7.77,1,0.0,2.0979,0
786,285.48,5,0.2,10.7055,1
787,19.168,4,0.2,6.4692,0
788,5.904,2,0.2,1.9926,0
789,42.85,5,0.0,15.426,0
790,6.16,2,0.0,2.9568,0
791,17.0,2,0.0,4.42,0
792,87.4,5,0.0,34.96,2
793,58.48,8,0.0,27.4856,2
794,180.96,2,0.0,81.432,1
798,14.94,3,0.0,7.3206,0
799,299.52,9,0.0,149.76,1
800,20.768,2,0.2,2.3364,0
802,18.28,2,0.0,6.2152,0
804,48.69,9,0.0,23.8581,0
806,22.58,2,0.0,5.8708,0
808,64.4,5,0.0,1.932,0
810,46.2,5,0.2,5.775,0
811,47.952,3,0.2,16.1838,0
812,7.992,1,0.2,0.6993,0
813,76.864,2,0.2,26.9024,2
814,3.76,2,0.0,1.0904,0
815,14.7,5,0.0,6.615,0
816,37.2,5,0.0,9.3,0
817,89.97,3,0.0,18.8937,2
818,261.96,2,0.0,23.5764,1
819,74.0,5,0.0,37.0,2
820,58.17,5,0.7,46.536,2
821,5.04,2,0.2,1.764,0
822,24.784,1,0.2,7.745,0
823,29.592,1,0.2,2.5893,0
824,4.752,2,0.7,3.168,0
825,15.552,3,0.2,5.6376,0
826,39.96,2,0.0,17.1828,0
827,42.624,2,0.2,4.2624,0
828,220.96,1,0.2,24.858,1
829,56.704,2,0.2,19.1376,0
830,11.12,2,0.2,3.475,0
831,221.024,2,0.2,55.256,1
832,36.048,3,0.2,0.9012,0
833,14.56,2,0.0,6.2608,0
834,3.048,1,0.2,1.0287,0
835,6.874,7,0.8,10.6547,0
836,1.996,1,0.8,3.2934,0
837,8.928,2,0.2,0.6696,0
838,17.24,2,0.0,4.4824,0
840,34.75,5,0.0,15.6375,0
841,113.94,6,0.0,54.6912,2
842,55.98,2,0.0,15.6744,0
845,114.95,5,0.0,2.299,2
846,43.19,7,0.0,20.7312,0
847,22.608,3,0.6,10.1736,0
848,1.892,1,0.6,0.9933,0
849,97.16,2,0.0,28.1764,2
850,281.34,6,0.0,109.7226,1
852,299.97,3,0.0,113.9886,1
853,67.8,4,0.0,4.068,2
856,286.93,7,0.0,140.5957,1
858,3.52,2,0.0,1.0208,0
859,5.58,1,0.0,1.395,0
860,36.32,1,0.0,10.896,0
861,195.64,4,0.0,91.9508,1
862,38.016,6,0.2,13.7808,0
863,95.992,1,0.2,9.5992,2
864,13.216,4,0.2,4.2952,0
866,27.888,7,0.2,10.1094,0
867,133.12,5,0.2,49.92,2
868,26.16,4,0.0,12.8184,0
869,131.94,3,0.0,35.6238,2
870,25.92,4,0.0,8.2944,0
872,7.41,3,0.0,3.4827,0
873,21.5,10,0.0,7.095,0
875,6.98,1,0.0,3.3504,0
877,41.28,2,0.0,19.8144,0
878,8.288,2,0.2,3.0044,0
880,64.9,5,0.0,18.821,2
882,17.97,3,0.0,5.2113,0
883,181.986,2,0.3,54.5958,1
884,1.592,2,0.8,2.6268,0
885,22.344,3,0.2,2.5137,0
886,68.46,7,0.0,25.3302,2
887,49.56,7,0.0,18.8328,0
888,9.84,3,0.0,2.8536,0
889,2.78,1,0.0,0.7228,0
890,171.288,3,0.2,6.4233,1
891,1.824,2,0.2,0.6156,0
892,18.32,5,0.8,46.716,0
893,48.816,3,0.2,11.5938,0
894,1.188,1,0.8,1.9602,0
895,29.84,2,0.0,13.428,0
897,120.0,8,0.0,13.2,2
898,3.29,1,0.0,1.4805,0
899,18.84,3,0.0,6.0288,0
900,50.136,3,0.2,11.2806,0
901,208.44,3,0.0,62.532,1
902,25.76,2,0.0,0.7728,0
903,23.08,2,0.0,6.924,0
904,12.96,2,0.0,6.2208,0
905,58.34,2,0.0,28.0032,2
907,25.92,5,0.2,9.072,0
908,98.16,6,0.0,9.816,2
909,31.44,3,0.0,7.86,0
910,35.0,4,0.0,14.7,0
914,27.192,3,0.2,0.3399,0
915,12.06,5,0.7,10.05,0
917,54.368,4,0.2,4.0776,0
918,247.44,8,0.0,101.4504,1
919,106.869,3,0.3,29.0073,2
920,3.564,3,0.8,6.237,0
921,195.96,5,0.2,19.596,1
922,15.552,3,0.2,5.4432,0
923,271.968,4,0.2,54.3936,1
924,27.46,2,0.0,9.8856,0
925,125.13,3,0.0,36.2877,2
926,13.872,3,0.2,5.0286,0
927,115.96,4,0.5,64.9376,2
928,25.92,5,0.2,9.396,0
929,53.424,3,0.2,4.6746,0
930,65.424,4,0.6,52.3392,2
931,23.55,5,0.0,1.1775,0
932,43.41,1,0.0,19.9686,0
933,6.24,3,0.0,2.6208,0
935,7.98,1,0.0,3.99,0
936,241.96,2,0.0,33.8744,1
937,3.89,1,0.0,1.8672,0
938,8.01,3,0.0,3.0438,0
939,156.792,1,0.2,17.6391,2
940,35.36,2,0.2,3.094,0
941,13.592,1,0.2,0.3398,0
942,37.52,4,0.0,18.0096,0
943,204.6664,1,0.32,6.0196,1
944,35.1,6,0.0,10.179,0
945,17.48,5,0.2,1.311,0
946,3.798,2,0.7,2.6586,0
947,27.744,6,0.2,10.0572,0
948,158.376,4,0.4,34.3148,2
949,53.9,5,0.0,25.872,0
953,83.97,3,0.0,15.9543,2
954,39.89,1,0.0,14.7593,0
955,17.38,2,0.0,8.69,0
956,2.97,1,0.4,0.6435,0
957,27.44,2,0.2,2.401,0
958,25.344,6,0.2,7.92,0
959,43.92,5,0.2,15.921,0
960,25.344,4,0.2,9.1872,0
961,10.688,2,0.2,3.7408,0
962,35.168,7,0.2,9.6712,0
964,44.75,5,0.0,8.5025,0
965,11.96,2,0.0,5.382,0
966,3.912,1,0.2,1.2714,0
967,4.554,3,0.7,3.4914,0
968,5.2,2,0.2,0.585,0
969,205.992,1,0.2,2.5749,1
970,15.552,3,0.2,5.4432,0
972,24.472,7,0.2,1.8354,0
973,241.568,2,0.2,0.0,1
974,110.4,2,0.2,4.14,2
976,78.66,6,0.0,36.1836,2
977,45.36,4,0.0,22.2264,0
978,136.26,9,0.0,5.4504,2
979,31.984,2,0.2,1.999,0
980,71.984,2,0.2,25.1944,2
981,12.48,2,0.0,5.616,0
982,8.64,3,0.0,2.5056,0
983,6.37,7,0.8,9.555,0
984,108.08,7,0.0,54.04,2
985,9.54,3,0.0,4.3884,0
986,30.336,6,0.6,17.4432,0
988,20.736,4,0.2,7.2576,0
989,4.95,1,0.0,2.178,0
990,26.4,5,0.0,0.0,0
991,1.624,2,0.8,4.466,0
992,23.76,3,0.2,2.079,0
993,85.056,3,0.2,28.7064,2
995,10.36,2,0.0,5.0764,0
996,12.176,4,0.8,18.8728,0
998,17.52,2,0.2,3.504,0
999,89.544,7,0.2,12.3123,2
1000,35.168,2,0.2,8.3524,0
1001,72.588,2,0.7,48.392,2
1002,23.976,3,0.6,14.3856,0
1003,108.925,1,0.5,71.8905,2
1004,36.352,8,0.2,11.36,0
1006,49.12,4,0.0,23.0864,0
1007,29.6,2,0.0,14.8,0
1009,279.96,5,0.2,17.4975,1
1010,132.52,4,0.0,54.3332,2
1011,16.4,5,0.0,4.756,0
1012,40.032,6,0.2,15.012,0
1014,8.4,5,0.0,4.2,0
1015,88.776,3,0.2,7.7679,2
1016,11.56,4,0.0,5.4332,0
1017,15.58,1,0.0,3.895,0
1018,14.7,7,0.0,4.116,0
1019,14.13,3,0.0,0.7065,0
1020,122.97,3,0.0,60.2553,2
1021,280.792,1,0.2,35.099,1
1022,68.448,4,0.2,7.7004,2
1023,88.04,5,0.2,6.603,2
1024,15.872,1,0.2,1.984,0
1025,215.592,3,0.2,48.5082,1
1026,3.76,2,0.0,1.0904,0
1027,37.94,2,0.0,18.2112,0
1028,18.288,6,0.2,6.6294,0
1030,102.96,2,0.0,1.0296,2
1031,174.42,3,0.0,41.8608,1
1032,61.44,3,0.0,16.5888,2
1033,4.572,4,0.7,3.81,0
1034,91.2,3,0.0,41.952,2
1036,19.04,4,0.0,9.3296,0
1037,13.128,3,0.2,4.2666,0
1038,64.14,3,0.0,16.6764,2
1040,17.088,2,0.2,1.068,0
1041,63.92,2,0.2,19.176,2
1042,71.976,3,0.2,8.997,2
1043,19.44,3,0.0,9.3312,0
1044,8.856,3,0.6,6.8634,0
1045,164.736,4,0.2,39.1248,1
1047,47.984,2,0.2,5.998,0
1048,181.86,7,0.0,50.9208,1
1049,291.136,4,0.2,25.4744,1
1050,47.976,3,0.2,4.7976,0
1051,19.56,5,0.2,1.7115,0
1052,4.26,1,0.0,1.7466,0
1053,44.4,3,0.0,22.2,0
1054,84.55,5,0.0,22.8285,2
1055,17.94,3,0.0,8.7906,0
1056,119.96,1,0.2,7.4975,2
1057,239.976,3,0.2,26.9973,1
1058,31.168,4,0.2,9.3504,0
1059,120.96,2,0.4,28.224,2
1061,76.608,8,0.2,6.7032,2
1062,142.776,1,0.2,17.847,2
1063,91.36,5,0.2,29.692,2
1065,77.728,2,0.2,3.8864,2
1066,14.016,3,0.2,4.7304,0
1068,180.66,3,0.0,50.5848,1
1069,191.98,2,0.0,51.8346,1
1070,65.99,1,0.0,17.1574,2
1072,18.54,2,0.0,8.7138,0
1073,16.68,2,0.0,4.3368,0
1074,19.44,3,0.0,9.3312,0
1075,192.16,4,0.0,92.2368,1
1076,5.936,7,0.8,8.904,0
1078,23.92,5,0.2,1.794,0
1079,51.312,3,0.2,17.9592,0
1080,155.25,3,0.0,46.575,2
1081,14.03,1,0.0,4.0687,0
1082,12.224,2,0.2,4.4312,0
1083,2.304,4,0.8,3.5712,0
1084,9.36,4,0.8,16.38,0
1085,146.352,3,0.2,32.9292,2
1087,101.34,3,0.0,8.1072,2
1089,38.88,6,0.0,19.0512,0
1090,74.352,3,0.2,23.235,2
1091,97.82,2,0.0,45.9754,2
1092,103.12,8,0.0,10.312,2
1093,11.184,1,0.2,0.8388,0
1094,153.584,2,0.2,32.6366,2
1095,2.264,1,0.8,5.2072,0
1096,0.444,1,0.8,1.11,0
1097,146.176,8,0.2,47.5072,2
1099,38.784,3,0.2,7.272,0
1100,122.328,9,0.2,1.5291,2
1101,6.888,3,0.8,11.0208,0
1103,129.3,2,0.0,6.465,2
1104,11.568,3,0.2,3.7596,0
1105,50.32,4,0.0,21.1344,0
1106,24.56,2,0.0,11.5432,0
1107,239.97,3,0.0,71.991,1
1108,9.82,2,0.0,4.8118,0
1109,149.95,5,0.0,14.995,2
1110,51.312,3,0.2,18.6006,0
1111,31.104,6,0.2,10.8864,0
1112,5.248,2,0.2,0.5904,0
1113,4.464,1,0.2,0.3348,0
1114,32.4,5,0.0,15.552,0
1116,17.92,5,0.2,2.464,0
1117,41.256,6,0.7,34.38,0
1118,82.4,5,0.0,40.376,2
1119,6.24,2,0.0,3.0576,0
1121,37.608,3,0.2,12.6927,0
1122,10.332,3,0.7,7.5768,0
1123,31.155,5,0.7,23.8855,0
1124,8.928,2,0.2,0.6696,0
1125,3.036,3,0.8,5.0094,0
1127,21.744,3,0.2,6.795,0
1128,95.92,8,0.0,25.8984,2
1130,35.82,9,0.0,11.8206,0
1131,276.69,3,0.0,49.8042,1
1132,172.764,2,0.1,32.6332,1
1134,10.272,3,0.2,3.21,0
1135,2.88,1,0.0,1.3536,0
1136,102.93,3,0.0,48.3771,2
1137,71.04,6,0.2,26.64,2
1138,5.344,2,0.2,0.7348,0
1139,11.304,3,0.2,2.1195,0
1141,148.48,2,0.2,16.704,2
1143,83.76,12,0.0,1.6752,2
1144,4.54,1,0.0,2.043,0
1145,15.92,4,0.0,5.4128,0
1149,239.97,3,0.0,67.1916,1
1152,13.872,6,0.2,4.6818,0
1153,273.552,3,0.2,13.6776,1
1154,272.94,3,0.0,0.0,1
1155,102.368,2,0.2,37.1084,2
1156,28.4,5,0.0,8.236,0
1158,68.52,3,0.0,31.5192,2
1159,191.646,3,0.1,31.941,1
1160,20.07,3,0.0,9.2322,0
1161,19.44,3,0.0,9.3312,0
1162,126.3,3,0.0,40.416,2
1166,11.54,2,0.0,5.77,0
1168,5.184,1,0.2,1.8144,0
1170,130.71,3,0.0,39.213,2
1171,11.68,2,0.0,3.0368,0
1172,62.31,3,0.0,22.4316,2
1174,30.69,3,0.0,7.9794,0
1175,25.16,2,0.0,8.5544,0
1176,21.392,2,0.8,54.5496,0
1179,75.792,3,0.2,25.5798,2
1181,248.57,7,0.0,67.1139,1
1182,22.23,1,0.0,9.7812,0
1185,14.224,2,0.6,10.3124,0
1186,19.52,2,0.2,5.368,0
1188,204.95,5,0.0,100.4255,1
1191,169.99,1,0.0,78.1954,1
1192,25.92,4,0.0,12.4416,0
1193,163.96,5,0.2,59.4355,1
1194,5.232,4,0.8,8.1096,0
1195,23.99,1,0.0,5.5177,0
1196,287.97,3,0.0,77.7519,1
1197,9.552,3,0.2,1.5522,0
1198,167.968,4,0.2,62.988,1
1199,273.896,7,0.2,92.4399,1
1202,32.896,4,0.2,11.1024,0
1203,215.148,2,0.4,103.9882,1
1204,30.96,6,0.2,11.223,0
1205,59.98,2,0.0,26.3912,2
1208,7.992,1,0.2,2.6973,0
1209,258.9,10,0.0,93.204,1
1210,24.56,2,0.0,11.5432,0
1211,129.39,3,0.0,54.3438,2
1212,87.92,4,0.0,0.8792,2
1213,24.0,2,0.2,2.7,0
1214,102.3,1,0.0,26.598,2
1216,11.394,9,0.8,17.6607,0
1217,15.552,3,0.2,5.6376,0
1218,31.104,6,0.2,11.2752,0
1219,6.316,1,0.8,10.4214,0
1220,79.96,4,0.0,22.3888,2
1221,2.946,2,0.7,2.2586,0
1222,16.056,3,0.2,5.8203,0
1223,239.24,1,0.2,23.924,1
1224,122.136,3,0.2,13.7403,2
1225,17.472,3,0.2,6.3336,0
1226,252.0,4,0.0,93.24,1
1227,87.21,3,0.5,45.3492,2
1228,15.552,3,0.2,5.4432,0
1230,13.392,3,0.2,1.0044,0
1231,16.776,3,0.2,4.8231,0
1233,5.94,3,0.0,0.1188,0
1234,7.56,3,0.0,3.0996,0
1235,24.56,2,0.0,11.5432,0
1236,12.96,2,0.0,4.1472,0
1237,145.9,5,0.0,62.737,2
1238,198.46,2,0.0,99.23,1
1240,23.168,2,0.2,7.8192,0
1241,50.0,2,0.0,10.5,0
1242,75.18,6,0.0,35.3346,2
1243,15.84,3,0.0,4.9104,0
1244,86.376,3,0.2,30.2316,2
1245,18.24,3,0.0,6.2016,0
1246,13.12,4,0.0,4.3296,0
1247,83.92,4,0.0,5.8744,2
1248,141.9,5,0.0,58.179,2
1249,39.98,2,0.0,9.1954,0
1250,28.91,7,0.0,8.673,0
1251,174.95,5,0.0,45.487,1
1252,52.76,2,0.0,24.2696,0
1253,1.08,2,0.7,0.792,0
1254,8.84,5,0.2,2.9835,0
1255,58.464,9,0.8,146.16,2
1256,228.92,5,0.2,14.3075,1
1258,274.8,5,0.0,134.652,1
1259,195.64,4,0.0,3.9128,1
1260,257.98,2,0.0,74.8142,1
1261,119.04,6,0.0,48.8064,2
1262,18.84,3,0.0,7.9128,0
1263,298.464,6,0.2,26.1156,1
1264,41.91,3,0.0,10.8966,0
1265,8.67,3,0.0,4.0749,0
1266,132.6,6,0.0,17.238,2
1267,30.32,4,0.0,11.8248,0
1269,168.1,5,0.0,43.706,1
1270,71.952,6,0.2,5.3964,2
1271,29.8,5,0.2,9.3125,0
1272,3.816,1,0.2,1.1925,0
1273,39.594,1,0.4,7.2589,0
1274,91.008,9,0.2,19.3392,2
1276,13.56,2,0.0,6.2376,0
1277,4.448,2,0.2,1.4456,0
1278,276.69,3,0.0,49.8042,1
1279,4.96,4,0.0,2.3312,0
1280,71.92,4,0.0,20.8568,2
1281,18.84,3,0.0,7.9128,0
1282,140.97,3,0.0,19.7358,2
1284,9.248,2,0.2,3.3524,0
1286,62.04,5,0.2,4.653,0
1288,239.456,7,0.2,17.9592,1
1289,13.12,5,0.2,2.132,0
1290,26.55,3,0.0,13.0095,0
1292,6.56,2,0.0,1.9024,0
1293,7.83,3,0.0,3.6018,0
1294,41.9,2,0.0,8.799,0
1296,8.96,2,0.0,4.3904,0
1297,179.94,3,0.0,50.3832,1
1299,12.96,2,0.0,6.2208,0
1300,71.372,2,0.3,1.0196,2
1301,2.912,2,0.2,0.91,0
1302,242.352,3,0.2,15.147,1
1303,7.904,2,0.2,2.1736,0
1304,269.98,2,0.0,67.495,1
1305,99.9,5,0.0,47.952,2
1306,39.08,4,0.0,14.4596,0
1308,32.4,5,0.0,15.552,0
1309,57.9,5,0.0,28.95,2
1310,10.56,2,0.0,0.0,0
1313,161.568,2,0.2,10.098,2
1314,16.096,2,0.2,5.2312,0
1315,7.656,4,0.7,6.1248,0
1318,198.744,4,0.3,14.196,1
1319,9.184,2,0.2,1.148,0
1320,69.712,2,0.2,8.714,2
1321,8.792,1,0.6,5.7148,0
1322,14.62,2,0.0,6.8714,0
1324,43.0,5,0.0,20.21,0
1325,182.94,3,0.0,27.441,1
1326,60.83,7,0.0,30.415,2
1329,13.36,2,0.0,6.4128,0
1330,163.764,2,0.1,25.4744,1
1331,183.92,4,0.0,31.2664,1
1332,6.48,1,0.0,3.1752,0
1333,71.928,9,0.2,6.2937,2
1334,25.99,1,0.0,7.5371,0
1335,33.93,3,0.7,22.62,0
1336,222.32,7,0.2,25.011,1
1337,210.564,6,0.4,52.641,1
1338,101.94,6,0.0,29.5626,2
1339,271.96,4,0.0,67.99,1
1340,8.8,5,0.0,3.872,0
1341,19.68,6,0.0,5.7072,0
1343,14.94,3,0.0,7.1712,0
1344,231.72,2,0.0,11.586,1
1345,16.34,2,0.0,7.6798,0
1346,225.296,2,0.2,22.5296,1
1347,50.352,3,0.2,17.6232,0
1348,17.48,4,0.0,4.5448,0
1349,3.52,2,0.0,1.6896,0
1351,124.404,4,0.3,21.3264,2
1352,2.864,4,0.8,4.5824,0
1353,94.192,7,0.8,164.836,2
1354,2.112,2,0.8,3.3792,0
1355,29.97,3,0.0,14.0859,0
1357,13.128,3,0.2,4.2666,0
1358,11.68,2,0.0,5.4896,0
1359,159.75,5,0.0,11.1825,2
1360,41.4,4,0.0,19.872,0
1361,13.92,3,0.2,4.35,0
1362,63.312,3,0.2,20.5764,2
1364,15.192,3,0.2,5.5071,0
1365,58.32,9,0.0,27.9936,2
1366,121.536,4,0.2,15.192,2
1368,20.23,7,0.0,9.5081,0
1369,3.304,1,0.2,1.0738,0
1370,20.096,4,0.2,3.0144,0
1371,37.752,3,0.2,4.2471,0
1372,138.588,1,0.4,34.647,2
1373,259.92,5,0.2,25.992,1
1374,20.736,4,0.2,7.2576,0
1375,298.116,6,0.3,4.2588,1
1378,91.032,3,0.2,2.2758,2
1379,14.89,1,0.0,4.0203,0
1381,23.88,3,0.0,10.5072,0
1382,26.2,4,0.0,12.052,0
1383,12.96,2,0.0,6.2208,0
1384,234.95,5,0.0,32.893,1
1385,194.848,4,0.2,12.178,1
1386,9.984,4,0.2,3.6192,0
1387,14.98,1,0.0,4.1944,0
1389,34.848,2,0.2,6.534,0
1390,22.0,5,0.2,1.375,0
1391,4.368,3,0.2,0.3822,0
1392,90.57,3,0.0,11.7741,2
1393,2.896,2,0.2,0.4706,0
1394,124.792,1,0.2,15.599,2
1395,60.12,9,0.0,22.2444,2
1396,33.48,2,0.0,16.4052,0
1398,137.62,2,0.0,60.5528,2
1400,115.96,2,0.0,25.5112,2
1402,26.25,7,0.0,12.6,0
1403,76.776,4,0.7,53.7432,2
1404,89.95,5,0.0,43.176,2
1405,54.816,3,0.2,17.8152,0
1406,41.424,2,0.2,8.2848,0
1407,36.792,1,0.2,4.1391,0
1408,56.56,2,0.0,15.2712,0
1409,36.96,7,0.0,11.4576,0
1410,17.52,4,0.0,8.4096,0
1411,155.88,6,0.0,54.558,2
1412,285.576,4,0.4,57.1152,1
1413,11.54,1,0.0,5.5392,0
1415,11.01,3,0.0,5.3949,0
1416,95.984,2,0.2,5.999,2
1417,271.96,5,0.2,16.9975,1
1419,36.288,7,0.2,12.7008,0
1420,54.896,2,0.2,18.5274,0
1421,186.54,3,0.0,50.3658,1
1422,183.372,2,0.3,36.6744,1
1423,51.75,5,0.0,24.84,0
1424,123.96,3,0.0,11.1564,2
1425,99.87,3,0.0,23.9688,2
1426,39.816,3,0.2,7.4655,0
1427,16.06,1,0.0,4.1756,0
1428,16.52,5,0.2,5.369,0
1429,7.968,2,0.2,2.8884,0
1430,8.784,1,0.2,3.1842,0
1431,3.318,3,0.8,5.6406,0
1432,13.76,2,0.0,6.3296,0
1433,151.056,9,0.2,7.5528,2
1434,125.88,6,0.0,60.4224,2
1435,79.78,2,0.0,29.5186,2
1436,133.2,9,0.0,66.6,2
1437,145.74,3,0.0,23.3184,2
1438,15.4,5,0.0,7.392,0
1439,115.296,3,0.2,40.3536,2
1441,24.64,8,0.0,11.8272,0
1442,227.88,6,0.0,68.364,1
1443,70.12,4,0.0,21.036,2
1444,79.992,1,0.2,21.9978,2
1445,11.68,2,0.0,5.4896,0
1446,104.8,10,0.0,26.2,2
1447,159.96,5,0.2,17.9955,2
1448,13.76,2,0.2,4.644,0
1449,63.96,4,0.0,19.8276,2
1450,244.55,5,0.0,114.9385,1
1451,119.448,3,0.2,13.4379,2
1452,118.16,2,0.2,25.109,2
1454,11.952,3,0.2,4.1832,0
1455,31.128,3,0.2,11.673,0
1456,55.76,4,0.0,7.8064,0
1457,24.56,2,0.0,11.5432,0
1458,51.75,1,0.0,15.525,0
1459,207.184,1,0.2,25.898,1
1461,70.08,6,0.0,35.04,2
1462,121.3,2,0.0,25.473,2
1464,177.2,5,0.0,83.284,1
1465,29.664,4,0.2,10.0116,0
1466,9.184,7,0.2,2.87,0
1467,153.584,2,0.2,13.4386,2
1468,12.864,8,0.8,22.512,0
1470,25.92,4,0.0,12.4416,0
1471,20.736,4,0.2,7.2576,0
1473,54.92,4,0.0,19.7712,0
1474,17.52,3,0.0,5.256,0
1476,219.9,5,0.0,59.373,1
1477,299.99,1,0.0,89.997,1
1478,192.16,4,0.0,92.2368,1
1479,242.624,8,0.2,27.2952,1
1480,46.74,3,0.0,11.685,0
1481,174.95,5,0.0,12.2465,1
1482,100.704,6,0.2,37.764,2
1483,31.44,3,0.0,8.4888,0
1484,83.79,7,0.0,22.6233,2
1485,59.52,3,0.0,15.4752,0
1486,31.92,4,0.0,9.2568,0
1487,17.544,3,0.2,5.9211,0
1488,36.024,3,0.2,11.7078,0
1489,272.048,7,0.2,30.6054,1
1491,24.32,5,0.2,9.12,0
1492,1.584,2,0.2,0.4752,0
1493,31.984,1,0.2,0.0,0
1494,14.76,5,0.2,4.797,0
1496,5.76,2,0.0,2.8224,0
1497,16.68,6,0.0,4.3368,0
1499,97.84,2,0.0,25.4384,2
1501,50.4,8,0.0,23.184,0
1502,13.428,3,0.7,11.19,0
1503,67.136,4,0.2,0.8392,2
1506,102.93,3,0.0,48.3771,2
1507,98.16,6,0.0,9.816,2
1508,5.552,2,0.2,1.041,0
1509,8.016,3,0.2,1.002,0
1510,74.592,4,0.3,2.1312,2
1511,16.784,2,0.6,22.2388,0
1512,38.864,4,0.8,99.1032,2
1514,23.36,2,0.0,11.68,0
1515,71.976,3,0.2,8.997,2
1516,8.56,2,0.0,3.852,0
1517,13.92,3,0.2,4.872,0
1520,221.056,8,0.2,77.3696,1
1521,40.48,2,0.0,15.7872,0
1522,9.94,2,0.0,3.0814,0
1523,107.424,9,0.2,33.57,2
1524,37.91,1,0.0,10.9939,0
1525,88.02,3,0.0,27.2862,2
1526,200.064,3,0.2,12.504,1
1527,21.38,5,0.8,33.139,0
1528,6.744,4,0.8,11.4648,0
1534,65.94,3,0.0,22.4196,2
1535,9.912,3,0.2,1.239,0
1536,10.782,3,0.7,7.9068,0
1537,23.18,2,0.0,7.6494,0
1539,2.296,2,0.8,3.9032,0
1540,19.44,3,0.0,9.3312,0
1541,102.72,3,0.2,37.236,2
1542,239.12,5,0.2,77.714,1
1543,40.29,3,0.0,10.4754,0
1544,17.22,3,0.0,5.166,0
1545,226.56,6,0.0,63.4368,1
1546,107.88,3,0.2,10.788,2
1547,25.92,4,0.0,12.4416,0
1548,35.96,1,0.2,3.596,0
1550,35.0,7,0.0,16.8,0
1551,37.24,4,0.0,10.7996,0
1552,15.28,2,0.0,7.4872,0
1553,17.12,4,0.0,4.9648,0
1555,129.92,4,0.0,10.3936,2
1557,117.144,9,0.2,42.4647,2
1558,203.52,3,0.0,54.9504,1
1559,51.75,5,0.0,24.84,0
1560,277.4,5,0.0,133.152,1
1561,25.16,2,0.0,8.5544,0
1562,91.92,4,0.0,31.2528,2
1563,83.88,1,0.2,29.358,2
1566,33.18,2,0.0,11.613,0
1567,32.088,7,0.2,11.2308,0
1569,237.096,3,0.2,20.7459,1
1570,22.752,3,0.2,7.11,0
1571,6.672,1,0.2,2.085,0
1572,210.008,1,0.2,2.6251,1
1575,49.568,2,0.2,15.49,0
1576,161.376,6,0.2,12.1032,2
1577,2.784,2,0.2,0.4176,0
1578,8.72,5,0.2,2.943,0
1579,24.672,4,0.2,7.71,0
1580,3.744,1,0.2,1.3104,0
1582,10.368,2,0.2,3.7584,0
1583,192.16,5,0.2,67.256,1
1584,9.728,2,0.2,1.7024,0
1585,3.424,1,0.2,1.07,0
1586,25.696,2,0.2,1.9272,0
1587,130.98,2,0.5,89.0664,2
1588,71.98,2,0.0,15.1158,2
1589,64.96,5,0.6,43.848,2
1590,53.72,4,0.0,13.9672,0
1592,63.84,8,0.0,16.5984,2
1594,37.008,6,0.2,11.565,0
1595,5.952,1,0.2,0.372,0
1596,2.896,1,0.2,0.9774,0
1597,198.46,2,0.0,99.23,1
1600,28.4,5,0.0,8.236,0
1601,230.28,3,0.2,23.028,1
1602,116.28,3,0.0,56.9772,2
1605,5.184,1,0.2,1.8144,0
1606,14.336,4,0.2,0.896,0
1607,12.672,3,0.2,3.96,0
1609,120.576,8,0.2,33.1584,2
1610,35.168,4,0.2,11.4296,0
1612,99.68,5,0.2,32.396,2
1613,5.56,2,0.0,1.4456,0
1614,25.344,6,0.2,7.92,0
1615,26.72,5,0.2,9.352,0
1616,21.81,3,0.0,5.8887,0
1617,91.6,5,0.0,26.564,2
1618,47.36,4,0.2,17.76,0
1619,27.44,2,0.2,2.401,0
1620,3.24,9,0.8,5.184,0
1621,9.408,7,0.2,0.7056,0
1622,148.02,3,0.0,41.4456,2
1623,10.744,1,0.2,0.8058,0
1624,8.376,3,0.2,2.7222,0
1625,229.544,7,0.2,83.2097,1
1627,6.672,3,0.2,2.1684,0
1631,149.73,7,0.0,43.4217,2
1632,6.208,2,0.2,0.6984,0
1633,193.95,3,0.0,9.6975,1
1634,114.9,5,0.0,39.066,2
1635,19.99,1,0.0,6.7966,0
1636,22.92,5,0.2,8.022,0
1637,7.58,1,0.0,2.9562,0
1640,283.56,4,0.0,45.3696,1
1641,15.072,3,0.2,4.1448,0
1645,12.192,3,0.2,4.1148,0
1646,6.57,3,0.0,1.7739,0
1647,23.1,2,0.0,6.468,0
1648,11.54,2,0.0,3.462,0
1649,254.526,1,0.4,93.3262,1
1650,12.98,1,0.0,3.7642,0
1651,26.432,8,0.2,8.9208,0
1652,197.97,3,0.0,57.4113,1
1653,18.9,6,0.0,9.072,0
1655,4.92,3,0.0,2.214,0
1656,238.0,2,0.0,38.08,1
1657,167.97,3,0.0,40.3128,1
1658,17.12,4,0.0,7.704,0
1659,9.4,5,0.0,2.726,0
1660,74.0,5,0.0,37.0,2
1661,201.584,2,0.2,12.599,1
1662,10.9,1,0.0,2.834,0
1663,79.92,4,0.0,37.5624,2
1664,146.82,3,0.0,73.41,2
1665,16.0,4,0.2,5.6,0
1666,5.588,2,0.8,15.0876,0
1667,235.92,5,0.2,44.235,1
1668,40.68,3,0.2,7.119,0
1669,18.72,5,0.2,6.552,0
1670,236.528,2,0.2,2.9566,1
1671,215.976,3,0.2,2.6997,1
1673,11.696,2,0.2,3.9474,0
1674,43.1,5,0.0,11.206,0
1676,147.92,5,0.2,46.225,2
1677,42.616,7,0.8,68.1856,0
1678,24.448,4,0.2,8.8624,0
1679,5.96,2,0.0,1.6688,0
1680,82.56,5,0.2,28.896,2
1681,284.97,3,0.0,85.491,1
1683,90.801,1,0.1,14.1246,2
1684,181.764,2,0.1,8.0784,1
1685,5.56,2,0.0,2.224,0
1686,239.666,2,0.15,14.098,1
1687,108.4,5,0.6,105.69,2
1688,8.904,3,0.2,3.339,0
1689,100.8,2,0.2,21.42,2
1690,10.192,7,0.2,3.185,0
1691,16.784,1,0.2,0.2098,0
1692,13.12,5,0.2,3.772,0
1693,91.96,4,0.0,39.5428,2
1695,12.96,2,0.0,6.2208,0
1696,43.176,3,0.2,15.1116,0
1698,17.76,3,0.2,5.55,0
1699,6.912,3,0.2,0.864,0
1700,8.256,4,0.2,0.6192,0
1701,25.56,5,0.7,20.448,0
1702,4.368,2,0.7,3.0576,0
1703,11.52,4,0.2,3.744,0
1705,5.56,1,0.2,1.7375,0
1706,217.85,5,0.0,65.355,1
1707,19.04,4,0.2,1.428,0
1708,54.32,4,0.0,0.5432,0
1709,13.344,6,0.2,4.3368,0
1711,14.82,6,0.0,6.9654,0
1713,97.184,2,0.2,6.074,2
1714,10.368,2,0.2,3.6288,0
1715,30.384,1,0.2,3.798,0
1716,11.808,3,0.2,4.1328,0
1717,88.074,7,0.7,58.716,2
1718,2.78,1,0.0,0.7228,0
1719,147.184,2,0.2,29.4368,2
1720,89.568,4,0.2,1.1196,2
1721,71.96,5,0.2,7.196,2
1722,15.552,3,0.2,5.4432,0
1723,47.94,3,0.0,2.397,0
1724,37.68,3,0.2,2.355,0
1725,279.944,7,0.2,80.4839,1
1727,73.008,9,0.2,26.4654,2
1729,7.857,3,0.7,6.0237,0
1730,29.24,5,0.2,9.8685,0
1731,15.552,3,0.2,5.4432,0
1732,4.896,3,0.2,1.6524,0
1733,13.48,1,0.0,1.8872,0
1734,25.16,2,0.0,10.5672,0
1735,126.56,4,0.2,47.46,2
1736,19.76,4,0.0,8.2992,0
1737,113.52,4,0.0,46.5432,2
1738,135.3,5,0.0,37.884,2
1739,161.568,2,0.2,28.2744,2
1740,81.568,2,0.2,7.1372,2
1741,80.96,4,0.0,34.8128,2
1743,25.98,1,0.0,7.2744,0
1744,16.9,5,0.0,7.774,0
1745,39.96,2,0.0,18.7812,0
1747,258.528,2,0.4,47.3968,1
1748,9.096,1,0.2,1.7055,0
1749,116.832,4,0.2,33.5892,2
1750,85.2,6,0.2,20.235,2
1751,42.616,7,0.8,68.1856,0
1753,45.92,5,0.2,15.498,0
1754,21.184,2,0.6,11.6512,0
1755,20.736,4,0.2,7.2576,0
1756,213.43,5,0.3,39.637,1
1757,61.68,5,0.2,5.397,0
1758,158.376,3,0.2,13.8579,2
1759,65.12,4,0.0,16.9312,2
1760,141.372,2,0.3,48.4704,2
1761,3.036,2,0.7,2.3276,0
1762,4.503,1,0.7,3.6024,0
1763,4.672,1,0.2,1.5768,0
1764,95.88,3,0.2,28.764,2
1765,17.024,2,0.2,1.7024,0
1766,258.696,3,0.2,64.674,1
1769,56.45,5,0.0,14.677,0
1770,8.832,3,0.2,1.9872,0
1771,177.536,4,0.2,62.1376,1
1772,258.48,2,0.2,3.231,1
1773,14.136,3,0.2,4.2408,0
1774,17.48,2,0.0,8.2156,0
1775,6.368,2,0.2,2.388,0
1776,6.56,2,0.0,1.9024,0
1777,243.92,5,0.2,15.245,1
1778,47.52,9,0.0,22.8096,0
1779,99.87,3,0.0,23.9688,2
1780,9.856,4,0.2,3.4496,0
1781,25.92,5,0.2,3.888,0
1782,66.112,2,0.2,9.0904,2
1783,159.96,4,0.0,51.1872,1
1784,31.104,6,0.2,11.2752,0
1785,11.176,1,0.2,0.8382,0
1786,17.712,6,0.2,5.9778,0
1787,4.86,3,0.7,3.564,0
1788,6.258,2,0.7,5.215,0
1789,147.168,4,0.2,16.5564,2
1791,7.184,2,0.2,2.245,0
1792,16.2,3,0.0,7.776,0
1793,33.99,3,0.0,14.6157,0
1794,296.85,5,0.0,53.433,1
1795,112.8,6,0.0,6.768,2
1796,13.71,3,0.0,6.5808,0
1797,24.9,5,0.0,11.703,0
1798,286.29,3,0.0,17.1774,1
1799,24.18,2,0.0,7.254,0
1801,18.76,2,0.0,9.0048,0
1802,14.88,2,0.0,3.72,0
1803,85.056,3,0.2,28.7064,2
1804,2.78,1,0.0,1.3622,0
1805,37.056,4,0.2,8.8008,0
1806,259.896,2,0.4,56.3108,1
1807,34.504,1,0.2,6.0382,0
1808,184.66,7,0.0,84.9436,1
1809,12.96,2,0.0,6.2208,0
1810,22.18,2,0.0,10.8682,0
1812,10.528,4,0.2,3.29,0
1813,20.544,6,0.2,6.42,0
1814,32.36,4,0.0,11.6496,0
1816,177.568,2,0.2,8.8784,1
1817,19.44,3,0.0,9.3312,0
1818,71.28,11,0.0,34.2144,2
1820,79.96,5,0.2,17.991,2
1821,10.272,3,0.2,3.21,0
1823,1.556,2,0.8,4.2012,0
1824,143.952,6,0.2,17.994,2
1825,19.44,3,0.0,9.3312,0
1826,67.9,5,0.0,20.37,2
1827,195.68,4,0.0,50.8768,1
1828,14.2,4,0.0,6.674,0
1829,8.36,2,0.0,3.0096,0
1830,39.9,5,0.0,19.95,0
1831,90.86,7,0.0,26.3494,2
1832,94.85,5,0.0,45.528,2
1833,45.36,7,0.0,21.7728,0
1834,45.78,3,0.0,22.89,0
1835,166.44,3,0.0,79.8912,1
1836,15.92,5,0.2,2.786,0
1837,19.05,3,0.0,8.763,0
1838,70.95,3,0.0,18.447,2
1839,56.7,9,0.0,26.082,0
1840,3.882,2,0.7,2.588,0
1841,12.585,1,0.7,18.0385,0
1842,113.372,2,0.3,29.1528,2
1843,18.312,4,0.7,12.208,0
1844,127.936,8,0.2,4.7976,2
1845,241.17,2,0.7,168.819,1
1847,74.352,3,0.2,23.235,2
1849,70.98,1,0.0,3.549,2
1850,29.95,5,0.0,8.6855,0
1852,8.56,2,0.0,3.852,0
1853,11.56,2,0.0,5.6644,0
1855,31.872,8,0.2,11.5536,0
1856,35.56,7,0.0,12.0904,0
1858,39.99,1,0.0,11.5971,0
1859,16.28,2,0.0,6.512,0
1861,242.48,7,0.0,116.3904,1
1864,184.752,3,0.2,20.7846,1
1865,163.96,5,0.2,59.4355,1
1866,218.352,3,0.2,0.0,1
1868,99.3,10,0.0,41.706,2
1869,108.96,2,0.0,30.5088,2
1870,2.688,1,0.2,0.84,0
1871,47.4,5,0.0,18.96,0
1874,81.96,2,0.0,0.0,2
1875,31.744,2,0.2,8.3328,0
1876,12.42,3,0.0,5.2164,0
1877,38.62,2,0.0,10.8136,0
1878,59.98,2,0.0,10.7964,0
1879,295.056,9,0.2,106.9578,1
1881,8.82,2,0.0,4.0572,0
1882,5.98,1,0.0,1.5548,0
1883,17.568,2,0.2,6.3684,0
1884,55.992,1,0.2,5.5992,0
1885,20.736,4,0.2,7.2576,0
1886,71.976,3,0.2,19.7934,2
1887,22.512,3,0.2,2.2512,0
1888,3.444,2,0.7,2.7552,0
1890,47.984,2,0.2,14.3952,0
1891,20.544,6,0.2,6.42,0
1892,17.9,5,0.0,8.771,0
1893,18.0,1,0.0,3.24,0
1894,12.96,2,0.0,6.3504,0
1896,106.32,3,0.0,49.9704,2
1897,10.776,3,0.2,3.5022,0
1898,11.784,3,0.2,4.2717,0
1899,164.88,3,0.0,80.7912,1
1901,25.584,2,0.2,8.9544,0
1902,261.74,2,0.0,65.435,1
1903,14.4,5,0.0,7.056,0
1904,9.912,3,0.2,3.2214,0
1906,5.8,5,0.8,10.15,0
1909,34.05,3,0.0,9.534,0
1910,89.97,3,0.0,37.7874,2
1911,8.82,3,0.0,2.3814,0
1912,10.86,3,0.0,5.1042,0
1913,143.7,3,0.0,68.976,2
1914,22.72,4,0.0,10.224,0
1915,8.928,2,0.2,0.558,0
1916,47.584,2,0.2,2.974,0
1917,19.44,3,0.0,9.3312,0
1918,9.82,2,0.0,3.2406,0
1919,15.96,2,0.0,7.98,0
1920,10.08,7,0.2,3.528,0
1921,101.34,3,0.0,8.1072,2
1922,95.68,8,0.0,26.7904,2
1923,50.96,7,0.0,24.4608,0
1924,113.94,3,0.0,34.182,2
1925,25.92,4,0.0,12.4416,0
1926,20.32,4,0.0,6.9088,0
1928,34.48,2,0.0,9.9992,0
1929,244.55,5,0.0,114.9385,1
1930,114.848,4,0.2,35.89,2
1931,95.616,2,0.2,9.5616,2
1932,191.976,3,0.2,19.1976,1
1933,23.832,3,0.2,6.5538,0
1935,72.588,2,0.7,128.2388,2
1936,32.4,5,0.0,15.552,0
1937,149.95,5,0.0,31.4895,2
1938,23.32,2,0.0,6.0632,0
1939,16.74,3,0.0,4.8546,0
1940,35.4,5,0.0,13.452,0
1941,12.624,2,0.2,2.5248,0
1942,89.584,2,0.2,4.4792,2
1944,18.18,4,0.7,13.938,0
1945,4.842,3,0.7,3.3894,0
1946,272.646,3,0.1,18.1764,1
1947,212.8,2,0.0,95.76,1
1948,38.52,9,0.0,18.1044,0
1949,72.64,2,0.0,21.792,2
1950,45.4,4,0.0,12.712,0
1951,13.76,2,0.0,6.3296,0
1952,80.991,1,0.1,8.0991,2
1953,11.784,3,0.2,3.9771,0
1954,4.36,2,0.0,1.7876,0
1958,104.85,3,0.0,28.3095,2
1959,59.97,3,0.0,20.3898,2
1960,20.16,7,0.0,9.8784,0
1961,80.48,1,0.0,24.144,2
1962,1.908,2,0.7,1.5264,0
1963,71.98,2,0.0,15.1158,2
1964,79.98,2,0.0,26.3934,2
1965,12.294,1,0.7,8.6058,0
1966,15.51,1,0.0,3.8775,0
1967,55.86,7,0.0,27.93,0
1968,219.84,4,0.0,107.7216,1
1969,98.16,6,0.0,9.816,2
1970,33.04,8,0.0,15.5288,0
1971,86.97,3,0.0,25.2213,2
1972,5.607,1,0.7,4.2987,0
1974,79.984,2,0.2,22.9954,2
1975,241.96,2,0.0,41.1332,1
1976,27.72,9,0.0,13.3056,0
1977,13.392,3,0.2,5.022,0
1978,11.228,7,0.8,18.5262,0
1980,34.95,5,0.0,15.378,0
1981,27.18,3,0.0,12.231,0
1983,67.4,5,0.0,17.524,2
1984,40.176,3,0.2,14.5638,0
1985,12.96,2,0.0,6.2208,0
1986,17.94,3,0.0,6.4584,0
1987,21.96,2,0.0,6.1488,0
1989,12.07,1,0.0,3.9831,0
1990,119.96,2,0.0,33.5888,2
1991,31.44,3,0.0,8.4888,0
1992,6.88,1,0.2,2.322,0
1993,29.328,3,0.2,3.666,0
1994,291.96,4,0.0,102.186,1
1995,14.352,3,0.2,5.2026,0
1996,180.588,2,0.7,240.784,1
1997,47.984,2,0.2,0.5998,0
1998,25.824,6,0.2,9.0384,0
1999,160.96,2,0.0,48.288,1
2000,251.64,3,0.2,88.074,1
2001,73.176,6,0.8,197.5752,2
2002,20.736,4,0.2,7.2576,0
2003,39.984,2,0.2,8.9964,0
2004,199.95,5,0.0,63.984,1
2005,12.96,2,0.0,6.2208,0
2006,211.04,8,0.0,97.0784,1
2008,72.96,3,0.2,23.712,2
2009,9.248,2,0.2,3.3524,0
2010,17.88,3,0.2,2.4585,0
2011,235.944,3,0.2,85.5297,1
2012,103.056,3,0.2,24.4758,2
2013,72.0,4,0.0,12.96,2
2017,40.29,3,0.0,10.0725,0
2018,38.71,7,0.0,17.8066,0
2024,15.57,3,0.7,11.418,0
2025,199.8,10,0.0,71.928,1
2026,15.51,1,0.0,3.8775,0
2027,89.9,2,0.0,25.172,2
2028,14.28,4,0.0,3.7128,0
2029,12.72,3,0.0,4.9608,0
2030,15.75,5,0.0,7.56,0
2032,11.424,3,0.2,3.7128,0
2033,31.08,6,0.0,15.2292,0
2034,7.3,2,0.0,2.19,0
2035,20.7,2,0.0,9.936,0
2037,5.56,2,0.0,1.4456,0
2038,47.12,8,0.0,20.7328,0
2039,8.26,2,0.0,3.8822,0
2040,269.97,3,0.0,51.2943,1
2041,119.96,5,0.2,35.988,2
2042,10.608,6,0.2,0.9282,0
2043,39.9,5,0.0,10.374,0
2044,177.55,5,0.0,47.9385,1
2045,8.595,5,0.7,6.303,0
2046,190.896,2,0.2,42.9516,1
2047,24.448,4,0.2,8.8624,0
2049,71.88,6,0.0,33.0648,2
2050,9.24,3,0.0,2.9568,0
2051,35.88,6,0.0,16.146,0
2052,17.04,3,0.2,5.538,0
2054,2.224,1,0.2,0.556,0
2055,1.744,1,0.2,0.3488,0
2056,32.776,1,0.2,3.2776,0
2057,147.184,2,0.2,29.4368,2
2058,54.384,2,0.2,1.3596,0
2059,76.776,4,0.7,58.8616,2
2060,14.352,3,0.2,5.2026,0
2061,209.792,2,0.2,26.224,1
2062,9.24,3,0.0,4.4352,0
2063,10.368,2,0.2,3.6288,0
2064,2.655,1,0.7,1.8585,0
2065,7.968,2,0.2,2.5896,0
2066,27.968,4,0.2,9.4392,0
2068,63.686,1,0.3,15.4666,2
2069,239.976,3,0.2,65.9934,1
2071,15.552,3,0.2,5.4432,0
2072,21.248,4,0.2,7.4368,0
2073,8.448,2,0.2,2.64,0
2074,243.92,5,0.2,54.882,1
2075,23.34,3,0.0,10.9698,0
2076,51.55,5,0.0,24.2285,0
2077,35.0,7,0.0,16.8,0
2078,72.784,1,0.2,0.0,2
2079,97.84,2,0.0,25.4384,2
2080,51.75,1,0.0,15.525,0
2081,46.672,2,0.2,16.3352,0
2082,51.168,2,0.2,6.396,0
2083,99.2,5,0.0,25.792,2
2084,7.98,3,0.0,3.9102,0
2085,97.3,7,0.0,28.217,2
2086,11.76,2,0.0,5.7624,0
2087,167.94,3,0.0,82.2906,1
2088,3.89,1,0.0,1.0114,0
2089,164.88,3,0.0,80.7912,1
2090,159.98,2,0.0,47.994,1
2091,20.664,7,0.2,6.9741,0
2092,11.646,9,0.8,17.469,0
2093,6.672,6,0.2,0.5004,0
2094,91.84,8,0.0,45.0016,2
2095,81.088,7,0.2,27.3672,2
2096,19.44,3,0.0,9.3312,0
2098,1.44,1,0.2,0.504,0
2099,61.776,13,0.2,20.8494,2
2100,241.96,2,0.0,60.49,1
2101,108.608,4,0.2,9.5032,2
2103,104.85,1,0.0,50.328,2
2104,104.75,5,0.0,21.9975,2
2105,58.05,3,0.0,26.703,0
2106,157.74,11,0.0,56.7864,1
2107,56.98,7,0.0,22.792,0
2108,2.88,1,0.0,1.4112,0
2109,49.12,4,0.0,23.0864,0
2110,65.99,1,0.0,17.1574,2
2111,8.94,3,0.0,4.1124,0
2112,84.784,2,0.2,20.1362,2
2113,112.12,5,0.2,42.045,2
2115,11.808,2,0.2,1.3284,0
2116,9.656,1,0.2,1.5691,0
2117,20.736,4,0.2,7.2576,0
2118,27.36,3,0.7,21.888,0
2120,34.236,4,0.7,26.2476,0
2121,19.76,2,0.2,5.928,0
2122,10.16,2,0.0,3.4544,0
2124,39.072,6,0.2,4.3956,0
2125,22.638,7,0.7,16.6012,0
2126,95.144,7,0.2,10.7037,2
2127,17.46,2,0.0,5.9364,0
2129,15.224,2,0.8,38.8212,0
2130,21.984,6,0.8,56.0592,0
2132,22.58,2,0.0,5.8708,0
2133,171.288,3,0.2,6.4233,1
2134,15.552,3,0.2,5.4432,0
2135,17.92,5,0.2,1.12,0
2136,83.92,4,0.0,21.8192,2
2137,6.63,3,0.0,3.1161,0
2139,20.64,5,0.2,2.322,0
2140,19.98,1,0.0,8.5914,0
2141,160.93,7,0.0,3.2186,2
2142,75.792,3,0.2,25.5798,2
2143,39.92,5,0.2,13.473,0
2144,61.96,2,0.0,27.882,2
2145,19.936,4,0.2,7.2268,0
2146,87.8,4,0.0,43.9,2
2147,221.382,2,0.1,2.4598,1
2149,63.824,2,0.2,13.5626,2
2151,14.9,5,0.0,6.854,0
2152,15.8,4,0.0,4.108,0
2153,72.9,5,0.0,26.973,2
2154,206.352,3,0.2,5.1588,1
2155,7.992,1,0.2,2.6973,0
2156,41.96,2,0.0,2.9372,0
2157,227.84,4,0.0,66.0736,1
2158,37.94,2,0.0,18.2112,0
2160,17.04,3,0.0,7.668,0
2162,40.99,1,0.0,20.0851,0
2163,143.7,3,0.0,68.976,2
2164,6.48,1,0.0,3.1104,0
2165,290.336,2,0.2,32.6628,1
2166,19.152,2,0.2,1.197,0
2167,9.344,2,0.2,1.8688,0
2170,128.744,7,0.2,28.9674,2
2171,79.92,10,0.2,26.973,2
2173,18.936,3,0.2,5.9175,0
2174,222.384,2,0.2,16.6788,1
2175,50.454,6,0.7,33.636,0
2176,154.764,3,0.4,36.1116,2
2177,4.24,5,0.8,6.36,0
2178,85.52,2,0.0,22.2352,2
2179,103.192,1,0.2,11.6091,2
2180,36.0,2,0.0,6.48,0
2181,239.96,4,0.0,115.1808,1
2182,40.68,2,0.0,0.4068,0
2183,42.76,1,0.0,11.1176,0
2184,145.764,2,0.1,3.2392,2
2185,10.816,4,0.2,3.5152,0
2187,66.645,3,0.5,42.6528,2
2188,45.888,4,0.2,9.1776,0
2189,12.816,3,0.2,4.3254,0
2191,18.98,2,0.0,8.9206,0
2192,18.24,6,0.2,6.156,0
2193,67.144,7,0.2,5.8751,2
2194,254.058,3,0.3,32.6646,1
2195,35.2,5,0.0,16.544,0
2196,239.358,3,0.3,47.8716,1
2197,254.604,14,0.3,18.186,1
2198,7.968,2,0.2,2.6892,0
2200,79.872,3,0.2,29.952,2
2201,0.99,1,0.0,0.4356,0
2202,101.84,5,0.2,36.917,2
2204,5.88,2,0.0,1.5876,0
2205,39.984,2,0.2,1.4994,0
2206,45.0,3,0.0,4.95,0
2207,17.9,5,0.0,8.771,0
2208,40.48,2,0.0,17.4064,0
2211,10.368,2,0.2,3.7584,0
2214,9.96,2,0.0,4.6812,0
2215,11.648,2,0.2,4.0768,0
2216,18.176,4,0.2,5.9072,0
2217,59.712,6,0.2,5.9712,0
2218,24.84,3,0.2,8.694,0
2220,63.312,3,0.2,20.5764,2
2221,96.784,4,0.8,145.176,2
2222,10.476,3,0.6,6.8094,0
2223,209.94,6,0.0,39.8886,1
2224,31.984,2,0.2,7.996,0
2227,11.07,3,0.0,5.2029,0
2229,25.92,4,0.0,12.4416,0
2230,37.66,7,0.0,18.4534,0
2231,9.46,2,0.0,3.6894,0
2232,27.396,9,0.8,42.4638,0
2233,13.456,1,0.8,23.548,0
2234,46.36,4,0.0,15.2988,0
2235,87.92,4,0.0,26.376,2
2237,204.95,5,0.0,100.4255,1
2238,13.05,5,0.0,6.003,0
2239,152.65,5,0.0,70.219,2
2240,22.72,1,0.0,9.3152,0
2241,14.73,3,0.0,7.2177,0
2242,11.68,2,0.0,4.2048,0
2243,124.75,5,0.0,57.385,2
2247,18.528,2,0.2,4.4004,0
2249,49.96,2,0.0,9.4924,0
2250,12.96,2,0.0,6.2208,0
2251,10.64,4,0.0,2.7664,0
2252,52.792,1,0.2,4.6193,0
2253,29.472,3,0.2,9.9468,0
2254,56.56,4,0.0,14.7056,0
2255,32.7,3,0.0,8.502,0
2256,123.256,7,0.2,9.2442,2
2257,23.68,4,0.2,7.4,0
2259,16.68,3,0.2,5.2125,0
2261,8.96,2,0.0,4.3008,0
2262,31.5,10,0.0,15.12,0
2263,30.56,2,0.0,10.3904,0
2264,24.368,2,0.2,3.3506,0
2265,91.275,1,0.5,67.5435,2
2266,2.072,2,0.8,3.5224,0
2268,39.624,3,0.2,13.8684,0
2269,284.364,2,0.4,75.8304,1
2271,13.36,4,0.0,4.1416,0
2272,39.96,2,0.0,18.7812,0
2273,145.85,5,0.0,70.008,2
2274,3.75,1,0.0,1.8,0
2275,20.928,4,0.2,7.5864,0
2276,45.528,3,0.2,15.9348,0
2277,24.55,5,0.0,12.0295,0
2278,4.768,2,0.2,0.7748,0
2279,6.672,1,0.2,2.502,0
2280,4.448,2,0.2,1.112,0
2281,43.936,4,0.2,6.0412,0
2282,15.984,2,0.2,1.3986,0
2283,14.352,3,0.2,4.485,0
2285,45.696,3,0.2,5.1408,0
2287,262.11,1,0.0,62.9064,1
2288,5.184,1,0.2,1.8144,0
2290,28.4,2,0.2,6.745,0
2292,17.856,4,0.2,2.0088,0
2293,23.992,2,0.8,62.3792,0
2294,8.559,1,0.7,6.5619,0
2295,161.568,2,0.2,16.1568,2
2296,4.064,1,0.2,1.3716,0
2297,6.216,4,0.7,4.9728,0
2299,71.376,3,0.2,4.461,2
2300,38.82,6,0.0,19.41,0
2301,21.9,5,0.0,10.512,0
2304,63.9,5,0.0,28.755,2
2305,52.99,1,0.0,0.5299,0
2306,177.225,5,0.5,120.513,1
2308,248.98,2,0.0,54.7756,1
2309,36.44,4,0.0,12.0252,0
2310,3.168,4,0.7,2.5344,0
2312,32.7,5,0.4,6.54,0
2313,31.68,4,0.2,11.088,0
2315,11.56,2,0.0,5.6644,0
2316,26.4,5,0.0,11.88,0
2317,69.08,11,0.0,29.0136,2
2318,35.88,3,0.0,10.0464,0
2319,3.564,3,0.8,6.237,0
2321,10.272,3,0.2,0.8988,0
2322,9.762,3,0.8,15.1311,0
2323,13.72,1,0.2,1.2005,0
2324,55.2,1,0.2,2.07,0
2325,259.136,4,0.2,58.3056,1
2326,240.744,4,0.3,13.7568,1
2327,35.0,4,0.0,14.7,0
2328,210.68,2,0.0,50.5632,1
2330,43.44,8,0.0,21.2856,0
2331,2.22,1,0.0,0.666,0
2333,11.68,4,0.0,5.256,0
2334,19.99,1,0.0,6.7966,0
2335,6.16,2,0.0,2.9568,0
2337,251.58,7,0.0,113.211,1
2338,61.542,1,0.4,13.3341,0
2339,81.438,7,0.7,65.1504,2
2340,33.282,3,0.7,27.735,0
2341,118.65,5,0.4,19.775,2
2342,14.76,5,0.2,4.9815,0
2343,55.616,2,0.2,5.5616,0
2344,7.056,3,0.2,2.205,0
2345,27.184,2,0.2,2.0388,0
2347,95.84,4,0.2,34.742,2
2348,15.84,2,0.2,5.544,0
2349,8.448,2,0.2,2.64,0
2350,189.576,1,0.2,9.4788,1
2351,71.96,5,0.2,7.196,2
2352,44.784,1,0.2,16.2342,0
2353,56.784,7,0.2,20.5842,0
2354,5.607,3,0.7,3.9249,0
2355,6.576,3,0.2,0.5754,0
2356,47.98,2,0.0,23.99,0
2357,24.0,2,0.2,2.7,0
2358,15.552,3,0.2,5.4432,0
2359,26.176,2,0.2,3.272,0
2360,77.952,3,0.2,15.5904,2
2361,147.184,2,0.2,29.4368,2
2362,47.952,3,0.2,16.1838,0
2363,21.93,3,0.0,10.3071,0
2364,46.96,8,0.0,22.5408,0
2365,9.64,2,0.0,3.6632,0
2366,88.752,3,0.2,27.735,2
2367,13.904,2,0.2,5.214,0
2368,43.86,6,0.0,20.6142,0
2369,148.48,2,0.2,16.704,2
2370,7.42,2,0.0,3.71,0
2371,71.992,1,0.2,0.8999,2
2372,19.9,5,0.0,6.567,0
2374,20.736,4,0.2,7.2576,0
2375,7.168,2,0.2,0.9856,0
2376,11.168,2,0.2,2.5128,0
2378,97.568,2,0.2,6.098,2
2380,199.98,2,0.0,37.9962,1
2381,16.192,2,0.6,8.5008,0
2382,251.006,2,0.3,68.1302,1
2383,54.192,6,0.2,4.0644,0
2384,105.98,7,0.0,4.2392,2
2385,35.06,2,0.0,10.518,0
2386,33.94,1,0.0,9.1638,0
2387,30.0,8,0.0,14.4,0
2388,5.248,2,0.2,0.5904,0
2390,9.912,3,0.2,3.2214,0
2391,25.12,5,0.2,7.85,0
2393,189.7,10,0.0,91.056,1
2394,40.99,1,0.0,20.0851,0
2395,23.85,5,0.0,10.7325,0
2396,18.24,3,0.0,9.12,0
2397,27.78,6,0.0,9.1674,0
2398,76.58,7,0.0,38.29,2
2399,8.8,5,0.0,4.224,0
2401,5.58,3,0.0,0.1674,0
2402,25.02,3,0.0,10.5084,0
2404,5.32,2,0.0,2.6068,0
2407,59.92,4,0.0,16.7776,0
2408,3.312,1,0.2,0.6624,0
2409,20.136,3,0.2,1.2585,0
2410,8.856,3,0.2,2.8782,0
2412,19.44,3,0.0,9.3312,0
2414,168.1,5,0.0,43.706,1
2415,54.336,4,0.2,5.4336,0
2416,83.9,10,0.0,20.975,2
2417,11.76,2,0.0,5.7624,0
2418,155.372,2,0.3,35.5136,2
2419,5.56,2,0.0,1.4456,0
2420,15.992,1,0.2,0.9995,0
2421,139.86,7,0.0,65.7342,2
2423,12.39,3,0.0,5.6994,0
2424,41.37,3,0.0,17.3754,0
2425,8.56,2,0.0,3.852,0
2426,52.4,5,0.0,14.148,0
2427,14.94,3,0.0,6.8724,0
2428,11.673,3,0.7,7.782,0
2429,43.5,3,0.0,10.875,0
2430,26.4,5,0.0,11.88,0
2431,35.88,6,0.0,17.5812,0
2433,40.776,3,0.2,0.5097,0
2434,199.75,5,0.0,87.89,1
2436,16.272,3,0.2,5.2884,0
2437,18.368,4,0.2,5.9696,0
2440,4.086,2,0.7,2.9964,0
2441,55.984,2,0.2,4.1988,0
2442,10.688,2,0.2,3.7408,0
2444,167.44,2,0.2,14.651,1
2445,9.664,2,0.2,3.2616,0
2446,23.68,2,0.2,8.88,0
2449,95.976,3,0.2,15.5961,2
2450,143.928,9,0.2,32.3838,2
2451,3.564,2,0.7,2.97,0
2452,4.928,2,0.2,1.7248,0
2453,7.536,6,0.8,13.188,0
2454,1.408,2,0.8,2.3232,0
2455,4.144,4,0.8,6.4232,0
2456,52.752,3,0.2,12.5286,0
2457,70.72,4,0.2,6.188,2
2458,194.352,3,0.2,43.7292,1
2459,4.3,2,0.0,1.419,0
2460,2.388,2,0.7,1.8308,0
2461,243.992,7,0.2,30.499,1
2462,159.99,1,0.0,54.3966,1
2464,16.03,5,0.8,25.648,0
2466,12.96,2,0.0,6.2208,0
2467,164.688,6,0.2,55.5822,1
2468,166.5,2,0.4,66.6,1
2469,12.96,2,0.0,6.2208,0
2470,110.96,2,0.0,53.2608,2
2471,99.98,2,0.0,3.9992,2
2472,11.424,1,0.2,3.7128,0
2473,128.124,2,0.1,24.2012,2
2474,101.4,5,0.0,38.532,2
2475,4.41,1,0.0,2.0286,0
2476,167.94,3,0.0,82.2906,1
2477,67.8,10,0.0,31.188,2
2478,5.682,1,0.7,3.788,0
2479,46.26,3,0.0,12.0276,0
2480,5.78,1,0.0,2.8322,0
2481,15.28,2,0.0,7.4872,0
2482,8.73,1,0.0,2.9682,0
2483,5.68,2,0.0,1.7608,0
2485,31.104,6,0.2,10.8864,0
2486,13.272,8,0.7,10.6176,0
2487,28.272,2,0.2,6.3612,0
2488,259.136,4,0.2,51.8272,1
2489,13.9,5,0.0,3.614,0
2490,26.38,1,0.0,12.1348,0
2491,127.372,2,0.3,30.9332,2
2492,47.952,3,0.2,16.1838,0
2493,59.94,3,0.0,28.1718,2
2494,45.36,4,0.0,22.2264,0
2495,26.4,5,0.0,12.672,0
2496,41.4,4,0.0,19.872,0
2497,16.95,1,0.0,1.017,0
2501,108.96,3,0.0,32.688,2
2502,30.56,5,0.6,19.864,0
2503,1.248,2,0.8,1.9344,0
2504,18.16,2,0.2,1.816,0
2505,59.97,3,0.0,13.7931,0
2509,21.792,4,0.2,7.6272,0
2511,100.94,7,0.0,33.3102,2
2512,7.88,4,0.0,2.5216,0
2513,272.97,3,0.0,43.6752,1
2514,38.16,9,0.0,19.08,0
2515,109.9,5,0.0,32.97,2
2516,274.2,10,0.0,112.422,1
2517,96.53,7,0.0,40.5426,2
2518,215.976,3,0.2,2.6997,1
2519,63.56,2,0.0,3.178,0
2520,99.99,1,0.0,43.9956,2
2521,9.64,2,0.0,4.4344,0
2525,47.12,8,0.0,20.7328,0
2527,191.976,3,0.2,38.3952,1
2529,38.388,14,0.7,25.592,0
2530,95.994,2,0.7,63.996,2
2531,239.952,6,0.2,35.9928,1
2532,201.584,2,0.2,15.1188,1
2537,26.352,3,0.2,9.5526,0
2538,11.52,5,0.7,7.68,0
2539,7.8,3,0.0,2.106,0
2541,28.792,1,0.2,10.0772,0
2542,111.79,7,0.0,43.5981,2
2543,241.424,2,0.2,36.2136,1
2544,10.44,5,0.2,3.393,0
2545,18.336,4,0.8,32.088,0
2546,10.368,2,0.2,3.6288,0
2547,10.89,1,0.0,2.8314,0
2548,19.44,3,0.0,9.3312,0
2549,121.6,5,0.2,39.52,2
2550,181.86,7,0.0,50.9208,1
2551,45.92,4,0.0,21.5824,0
2552,18.24,3,0.0,8.5728,0
2553,35.48,1,0.0,0.0,0
2555,88.92,5,0.2,14.4495,2
2556,34.92,4,0.0,11.8728,0
2557,35.184,2,0.2,12.3144,0
2558,25.5,3,0.0,6.63,0
2559,10.56,2,0.0,4.752,0
2560,15.92,5,0.2,5.373,0
2561,16.056,3,0.2,5.8203,0
2562,223.056,9,0.2,69.705,1
2565,41.6,4,0.2,13.0,0
2566,23.12,5,0.2,8.381,0
2567,113.888,2,0.2,9.9652,2
2568,113.568,2,0.2,5.6784,2
2569,7.92,2,0.2,0.693,0
2571,30.56,5,0.8,45.84,0
2572,77.952,3,0.2,15.5904,2
2573,67.992,1,0.2,8.499,2
2574,12.224,2,0.2,4.4312,0
2575,44.784,2,0.2,0.5598,0
2576,22.848,3,0.6,17.7072,0
2577,10.848,2,0.2,3.5256,0
2578,18.544,2,0.2,3.0134,0
2579,9.96,2,0.0,4.5816,0
2580,9.21,3,0.0,2.3025,0
2581,27.93,3,0.0,8.0997,0
2582,14.016,4,0.2,4.9056,0
2583,18.24,3,0.0,9.12,0
2584,76.12,2,0.0,22.0748,2
2585,26.72,5,0.2,9.352,0
2586,62.352,6,0.2,10.9116,0
2587,11.56,2,0.0,5.6644,0
2588,221.024,2,0.2,55.256,1
2589,230.376,3,0.2,48.9549,1
2590,9.324,6,0.8,24.7086,0
2591,60.864,4,0.2,9.1296,0
2593,11.22,10,0.7,7.48,0
2594,163.96,4,0.0,70.5028,1
2595,8.904,3,0.2,3.339,0
2600,8.64,3,0.0,4.2336,0
2601,2.064,1,0.2,0.1548,0
2602,61.792,4,0.2,6.1792,0
2603,205.9992,3,0.32,27.2646,1
2605,43.6,4,0.0,12.208,0
2606,154.95,3,0.0,30.99,2
2607,11.21,1,0.0,3.363,0
2608,239.92,8,0.0,23.992,1
2609,82.95,5,0.0,29.0325,2
2610,22.0,5,0.2,1.375,0
2611,119.94,10,0.4,15.992,2
2612,3.648,2,0.7,2.7968,0
2614,8.64,2,0.2,3.024,0
2615,167.952,6,0.2,27.2922,1
2616,45.04,2,0.2,4.504,0
2617,96.36,6,0.0,25.0536,2
2618,21.99,5,0.8,32.985,0
2619,15.28,2,0.0,7.4872,0
2620,34.24,8,0.0,9.9296,0
2621,220.064,4,0.2,55.016,1
2623,146.82,3,0.0,73.41,2
2626,48.86,7,0.0,0.9772,0
2627,23.36,4,0.0,6.0736,0
2628,52.44,4,0.0,24.1224,0
2629,73.68,6,0.0,34.6296,2
2630,139.92,2,0.0,23.7864,2
2631,107.88,3,0.2,10.788,2
2632,33.29,1,0.0,7.9896,0
2633,119.94,6,0.0,5.997,2
2634,17.31,3,0.0,5.193,0
2635,1.824,1,0.7,1.3984,0
2637,86.352,3,0.2,5.397,2
2638,139.96,5,0.2,1.7495,2
2639,119.94,3,0.0,23.988,2
2640,12.42,3,0.0,4.4712,0
2641,35.04,2,0.0,12.264,0
2642,50.94,3,0.0,14.2632,0
2645,239.96,5,0.2,83.986,1
2647,13.904,2,0.2,4.5188,0
2648,19.608,3,0.2,6.6177,0
2649,4.158,7,0.7,3.465,0
2650,268.24,7,0.2,93.884,1
2652,38.88,6,0.0,18.6624,0
2653,187.76,4,0.0,76.9816,1
2654,43.8,6,0.0,20.586,0
2655,79.99,1,0.0,28.7964,2
2656,206.1,5,0.0,55.647,1
2657,169.68,6,0.0,45.8136,1
2658,132.52,4,0.0,54.3332,2
2659,2.96,2,0.0,1.4208,0
2660,8.448,2,0.2,2.9568,0
2661,95.94,3,0.0,9.594,2
2662,38.864,7,0.2,7.7728,0
2663,19.76,4,0.0,8.2992,0
2664,44.384,1,0.2,15.5344,0
2665,2.944,1,0.2,0.6624,0
2666,74.95,5,0.0,36.7255,2
2667,81.36,5,0.2,19.323,2
2668,20.232,8,0.7,16.1856,0
2670,20.736,4,0.2,7.2576,0
2671,41.472,8,0.2,14.5152,0
2672,55.584,6,0.2,20.844,0
2673,127.386,2,0.3,25.4772,2
2674,92.52,6,0.0,24.9804,2
2675,37.76,1,0.0,10.5728,0
2676,7.38,2,0.0,3.4686,0
2677,5.82,2,0.0,2.7354,0
2678,219.075,3,0.5,131.445,1
2679,41.28,6,0.2,13.932,0
2680,13.36,2,0.0,6.4128,0
2681,31.968,4,0.2,2.3976,0
2682,16.896,4,0.2,5.28,0
2683,6.672,1,0.2,0.5004,0
2684,99.136,4,0.2,8.6744,2
2685,15.992,2,0.6,13.993,0
2686,233.058,3,0.3,53.2704,1
2689,21.96,2,0.0,10.7604,0
2691,18.7,1,0.0,7.106,0
2692,16.74,3,0.0,8.37,0
2695,31.776,4,0.2,8.7384,0
2696,25.06,7,0.0,12.53,0
2697,191.058,3,0.3,46.3998,1
2698,13.04,5,0.2,3.912,0
2700,59.913,7,0.7,45.9333,2
2701,22.96,7,0.0,6.6584,0
2702,58.408,7,0.2,18.2525,0
2703,79.974,3,0.4,29.3238,2
2704,42.6,3,0.0,16.614,0
2705,84.056,7,0.2,27.3182,2
2706,23.968,7,0.2,2.6964,0
2707,28.728,3,0.2,1.7955,0
2708,77.6,5,0.2,28.13,2
2709,4.656,2,0.2,1.5714,0
2710,283.92,5,0.2,46.137,1
2711,22.0,10,0.0,9.68,0
2712,46.76,7,0.0,22.4448,0
2713,183.968,2,0.2,25.2956,1
2715,68.97,3,0.0,19.3116,2
2716,209.568,2,0.2,23.5764,1
2717,27.58,2,0.0,11.5836,0
2718,2.97,3,0.0,1.3365,0
2720,50.97,3,0.0,9.1746,0
2721,70.98,1,0.0,20.5842,2
2722,27.42,1,0.0,11.2422,0
2723,56.56,2,0.0,15.2712,0
2724,5.56,2,0.0,1.4456,0
2725,9.02,2,0.0,3.5178,0
2726,8.62,1,0.0,2.2412,0
2728,8.448,2,0.2,2.64,0
2729,39.296,4,0.2,3.9296,0
2730,11.76,4,0.0,3.1752,0
2731,40.736,2,0.2,14.7668,0
2732,150.8,5,0.2,56.55,2
2734,51.84,8,0.0,24.8832,0
2735,55.176,3,0.2,12.4146,0
2736,35.712,8,0.2,2.232,0
2737,74.112,8,0.2,17.6016,2
2738,27.992,1,0.2,2.0994,0
2739,3.304,1,0.2,1.0738,0
2740,28.4,2,0.0,11.076,0
2741,287.92,8,0.0,138.2016,1
2742,24.048,9,0.2,7.2144,0
2743,7.476,1,0.7,5.9808,0
2744,6.464,1,0.6,4.04,0
2745,11.52,5,0.2,4.176,0
2746,222.384,2,0.2,16.6788,1
2747,195.96,5,0.2,19.596,1
2748,4.36,2,0.0,0.1744,0
2749,10.688,2,0.2,3.7408,0
2750,36.288,7,0.2,12.7008,0
2751,78.304,2,0.2,29.364,2
2752,127.785,1,0.3,31.0335,2
2753,6.104,2,0.8,9.156,0
2754,10.824,3,0.2,2.5707,0
2755,5.88,1,0.0,2.8812,0
2757,79.1,2,0.0,39.55,2
2759,2.88,1,0.0,1.4112,0
2761,20.724,2,0.7,15.1976,0
2763,19.008,8,0.7,12.672,0
2764,16.38,9,0.0,7.371,0
2765,167.96,2,0.0,78.9412,1
2767,12.96,2,0.0,6.2208,0
2768,27.76,4,0.0,9.9936,0
2769,89.988,2,0.4,14.998,2
2770,229.544,7,0.2,83.2097,1
2771,33.29,1,0.0,7.9896,0
2772,7.78,1,0.0,3.501,0
2773,13.762,1,0.8,24.7716,0
2774,11.673,3,0.7,7.782,0
2775,64.848,7,0.2,24.318,2
2777,71.088,2,0.2,1.7772,2
2778,223.58,14,0.0,87.1962,1
2781,10.48,1,0.0,2.8296,0
2782,39.96,5,0.2,3.4965,0
2783,34.08,6,0.0,15.336,0
2784,48.87,9,0.0,23.9463,0
2786,5.16,2,0.0,1.3416,0
2787,299.96,5,0.2,37.495,1
2788,67.84,5,0.8,179.776,2
2790,18.688,4,0.2,3.7376,0
2792,126.3,3,0.0,40.416,2
2793,38.04,2,0.0,12.1728,0
2794,220.752,8,0.4,40.4712,1
2795,12.84,3,0.0,3.7236,0
2796,52.272,3,0.2,9.801,0
2797,213.136,7,0.2,23.9778,1
2798,33.568,8,0.8,53.7088,0
2799,58.73,7,0.0,14.6825,0
2800,93.344,4,0.2,32.6704,2
2801,257.94,3,0.0,67.0644,1
2803,27.46,2,0.0,9.8856,0
2804,89.98,2,0.0,43.1904,2
2807,135.3,5,0.0,37.884,2
2808,46.94,1,0.0,19.2454,0
2809,143.73,9,0.0,56.0547,2
2810,244.55,5,0.0,114.9385,1
2811,166.16,8,0.0,59.8176,1
2812,8.76,5,0.2,0.7665,0
2813,43.584,1,0.2,4.3584,0
2814,117.488,7,0.2,41.1208,2
2815,18.84,3,0.0,6.0288,0
2816,57.568,4,0.2,5.7568,0
2817,6.99,3,0.0,2.0271,0
2818,107.424,6,0.2,36.2556,2
2819,158.28,6,0.0,72.8088,1
2824,15.552,3,0.2,5.4432,0
2825,25.344,6,0.2,7.92,0
2826,88.768,2,0.2,31.0688,2
2828,79.96,2,0.0,35.982,2
2829,1.64,1,0.0,0.738,0
2831,20.9,5,0.0,7.524,0
2832,62.65,5,0.0,29.4455,2
2834,101.52,5,0.2,19.035,2
2835,68.472,3,0.2,23.1093,2
2837,173.8,5,0.0,43.45,1
2838,155.94,6,0.0,45.2226,2
2840,71.976,3,0.2,8.997,2
2841,2.368,2,0.2,0.8288,0
2844,83.56,4,0.0,1.6712,2
2846,269.49,3,0.0,5.3898,1
2847,25.83,3,0.0,9.5571,0
2848,95.976,3,0.2,10.7973,2
2850,83.92,4,0.0,5.8744,2
2851,131.98,2,0.0,35.6346,2
2852,15.92,4,0.0,7.4824,0
2853,52.29,9,0.0,16.2099,0
2854,91.99,1,0.0,3.6796,2
2855,20.37,3,0.0,6.9258,0
2856,221.55,3,0.0,6.6465,1
2857,17.52,5,0.2,6.132,0
2859,105.584,2,0.2,9.2386,2
2860,31.152,3,0.2,3.5046,0
2861,6.783,7,0.7,4.7481,0
2863,104.68,5,0.2,35.3295,2
2864,62.958,7,0.4,9.4437,2
2865,219.8,5,0.2,24.7275,1
2867,45.36,7,0.0,21.7728,0
2868,10.128,2,0.2,3.6714,0
2869,37.392,3,0.2,2.337,0
2870,79.12,5,0.2,13.846,2
2871,19.44,3,0.0,9.3312,0
2873,7.712,2,0.2,1.7352,0
2874,10.368,2,0.2,3.6288,0
2875,41.86,7,0.0,18.837,0
2876,141.96,2,0.0,41.1684,2
2877,15.92,5,0.2,5.373,0
2878,70.68,12,0.0,31.0992,2
2881,15.936,4,0.2,5.1792,0
2882,8.001,7,0.7,5.6007,0
2885,109.92,2,0.0,53.8608,2
2886,8.56,2,0.0,3.852,0
2887,34.65,3,0.0,10.395,0
2889,8.752,4,0.6,3.7196,0
2890,47.96,5,0.2,4.1965,0
2891,9.024,6,0.2,3.1584,0
2892,69.456,2,0.2,22.5732,2
2893,10.86,2,0.0,5.3214,0
2894,79.47,3,0.0,22.2516,2
2895,10.08,6,0.0,5.04,0
2896,45.66,5,0.7,33.484,0
2899,39.992,1,0.2,7.9984,0
2901,179.9,5,0.0,44.975,1
2903,12.16,5,0.2,2.128,0
2904,32.776,1,0.2,2.4582,0
2905,114.288,1,0.2,12.8574,2
2906,36.624,8,0.7,24.416,0
2908,49.616,2,0.2,4.9616,0
2910,57.36,6,0.2,14.34,0
2912,67.86,6,0.7,45.24,2
2913,19.728,9,0.2,1.7262,0
2914,151.188,2,0.4,25.198,2
2915,286.86,7,0.0,80.3208,1
2917,4.36,2,0.0,0.1744,0
2918,83.92,5,0.2,29.372,2
2919,14.624,2,0.2,5.1184,0
2920,136.99,1,0.0,36.9873,2
2921,3.15,1,0.0,1.512,0
2922,166.44,3,0.0,79.8912,1
2923,47.992,1,0.2,7.1988,0
2924,45.216,3,0.2,4.5216,0
2925,28.782,6,0.7,21.1068,0
2926,24.448,4,0.2,8.8624,0
2928,13.592,2,0.6,14.2716,0
2929,10.368,2,0.2,3.6288,0
2930,13.344,6,0.2,1.0008,0
2931,76.752,6,0.2,10.5534,2
2932,102.336,8,0.2,14.0712,2
2933,10.32,2,0.2,3.741,0
2934,47.32,7,0.2,5.915,0
2935,23.376,3,0.2,7.0128,0
2936,16.72,5,0.2,3.344,0
2937,16.192,1,0.2,4.6552,0
2938,5.346,3,0.7,4.455,0
2939,188.552,7,0.3,2.6936,1
2940,239.96,10,0.3,10.284,1
2941,54.768,2,0.2,6.846,0
2942,13.392,3,0.2,3.1806,0
2943,23.92,5,0.2,8.671,0
2944,255.968,4,0.2,28.7964,1
2945,61.568,2,0.2,4.6176,0
2946,8.8,5,0.0,2.552,0
2947,142.8,1,0.0,29.988,2
2950,74.352,3,0.2,23.235,2
2951,11.76,2,0.0,5.7624,0
2952,12.99,1,0.0,1.5588,0
2953,182.22,3,0.0,45.555,1
2955,11.352,3,0.2,2.6961,0
2956,61.44,3,0.0,16.5888,2
2957,38.9,5,0.0,17.505,0
2958,99.39,3,0.0,40.7499,2
2959,92.94,3,0.0,41.823,2
2960,205.03,7,0.0,67.6599,1
2961,20.94,3,0.0,6.0726,0
2962,58.68,2,0.0,18.1908,0
2963,254.9,5,0.0,68.823,1
2964,24.816,3,0.2,8.3754,0
2965,14.976,6,0.2,5.4288,0
2966,41.96,2,0.0,10.9096,0
2967,9.45,3,0.0,4.536,0
2968,83.92,5,0.2,29.372,2
2969,199.9,5,0.0,39.98,1
2970,31.176,3,0.2,7.0146,0
2971,172.752,6,0.2,60.4632,1
2972,9.296,2,0.2,3.0212,0
2973,21.6,6,0.0,9.936,0
2974,11.07,3,0.0,5.2029,0
2975,10.68,1,0.0,2.8836,0
2977,3.552,3,0.2,1.2432,0
2978,15.552,3,0.2,5.4432,0
2979,127.984,2,0.2,25.5968,2
2980,82.38,6,0.0,25.5378,2
2983,52.0,4,0.0,23.4,0
2984,50.04,6,0.0,25.02,0
2985,179.95,5,0.0,37.7895,1
2987,27.15,5,0.0,13.3035,0
2989,9.68,1,0.0,4.6464,0
2990,28.35,9,0.0,13.608,0
2991,55.98,1,0.0,27.4302,0
2993,113.568,2,0.2,18.4548,2
2994,109.48,2,0.0,33.9388,2
2995,272.94,3,0.0,0.0,1
2996,19.44,3,0.0,9.3312,0
2997,31.92,4,0.0,8.2992,0
2998,29.79,3,0.0,8.6391,0
2999,128.9,2,0.0,15.468,2
3000,60.12,9,0.0,28.8576,2
3001,69.48,1,0.0,20.844,2
3002,87.92,4,0.0,40.4432,2
3003,22.424,1,0.2,8.409,0
3004,90.48,3,0.2,33.93,2
3005,42.76,1,0.0,11.1176,0
3006,178.11,3,0.0,32.0598,1
3008,61.06,2,0.0,28.0876,2
3010,27.52,4,0.0,12.6592,0
3012,215.544,4,0.3,58.5048,1
3013,13.248,4,0.2,3.6432,0
3014,83.988,2,0.4,20.997,2
3015,1.248,3,0.8,1.9344,0
3016,9.708,3,0.6,5.8248,0
3017,27.24,3,0.2,2.724,0
3019,37.208,1,0.2,7.4416,0
3020,57.576,3,0.2,21.591,0
3022,41.54,2,0.0,19.5238,0
3023,12.96,2,0.0,6.2208,0
3024,33.45,5,0.0,15.387,0
3025,10.4,5,0.0,5.096,0
3026,2.624,1,0.2,0.4264,0
3027,104.88,6,0.0,41.952,2
3028,34.7,5,0.0,12.492,0
3029,33.72,4,0.0,15.5112,0
3030,14.94,3,0.0,7.0218,0
3031,15.984,2,0.2,4.995,0
3032,11.16,2,0.0,2.79,0
3034,189.0,1,0.0,68.04,1
3035,143.856,9,0.2,48.5514,2
3037,13.005,3,0.7,9.9705,0
3038,148.257,3,0.15,15.6978,2
3039,29.36,2,0.0,13.5056,0
3040,214.9,5,0.0,62.321,1
3041,15.92,4,0.0,7.4824,0
3042,146.45,5,0.0,48.3285,2
3043,15.14,1,0.0,0.6056,0
3044,5.76,2,0.0,2.6496,0
3046,11.088,7,0.7,8.1312,0
3047,54.9,5,0.0,26.901,0
3048,19.936,4,0.2,7.2268,0
3049,65.568,2,0.2,22.9488,2
3050,14.2,1,0.2,3.3725,0
3051,34.5,3,0.0,15.525,0
3053,10.368,2,0.2,3.6288,0
3055,10.86,3,0.0,5.1042,0
3057,19.104,3,0.2,5.7312,0
3058,49.08,3,0.0,4.908,0
3060,18.24,3,0.0,5.2896,0
3062,38.97,3,0.0,0.7794,0
3063,45.84,8,0.0,22.0032,0
3064,95.84,4,0.2,34.742,2
3065,12.96,2,0.0,6.2208,0
3066,14.76,2,0.0,4.2804,0
3067,3.273,1,0.7,2.5093,0
3068,87.92,5,0.2,15.386,2
3069,23.36,4,0.2,7.884,0
3070,39.98,2,0.0,13.5932,0
3071,63.686,1,0.3,9.098,2
3072,10.368,2,0.2,3.6288,0
3073,77.72,1,0.6,66.062,2
3075,128.85,3,0.0,3.8655,2
3076,116.312,7,0.2,23.2624,2
3077,14.952,1,0.2,5.0463,0
3078,17.94,3,0.0,8.073,0
3079,116.98,2,0.0,29.245,2
3080,1.392,2,0.8,3.7584,0
3082,73.568,4,0.2,16.5528,2
3083,13.584,1,0.2,1.3584,0
3084,64.784,1,0.2,12.147,2
3085,7.28,1,0.0,3.4944,0
3086,5.4,3,0.0,2.592,0
3087,6.54,3,0.0,2.1582,0
3088,40.2,5,0.0,18.09,0
3090,22.75,7,0.0,6.5975,0
3091,31.44,3,0.0,8.4888,0
3092,287.976,3,0.2,7.1994,1
3093,8.64,3,0.0,4.2336,0
3094,38.88,6,0.0,18.6624,0
3095,201.04,8,0.0,54.2808,1
3096,12.96,2,0.0,6.3504,0
3097,26.25,3,0.0,11.025,0
3098,64.96,14,0.2,22.736,2
3099,43.7,5,0.0,20.539,0
3100,227.976,3,0.2,28.497,1
3101,52.68,3,0.2,19.755,0
3102,2.032,1,0.6,1.3208,0
3103,159.8,4,0.0,70.312,1
3104,44.75,5,0.0,8.5025,0
3106,266.352,6,0.6,292.9872,1
3107,56.328,3,0.6,26.7558,0
3108,39.264,3,0.2,4.908,0
3109,95.232,6,0.2,24.9984,2
3111,73.85,1,0.0,2.2155,2
3112,25.71,3,0.0,6.6846,0
3113,17.28,6,0.0,8.1216,0
3115,22.77,3,0.0,9.7911,0
3116,10.192,7,0.2,1.0192,0
3117,22.83,3,0.0,10.7301,0
3118,54.32,4,0.0,16.296,0
3119,196.776,3,0.2,14.7582,1
3120,81.568,2,0.2,9.1764,2
3121,97.184,2,0.2,6.074,2
3122,24.32,5,0.2,8.208,0
3123,18.96,2,0.0,7.584,0
3124,10.8,5,0.0,5.184,0
3125,33.376,4,0.2,10.43,0
3126,13.36,2,0.0,6.4128,0
3127,158.9,5,0.0,7.945,2
3128,5.984,2,0.2,2.244,0
3129,189.95,5,0.0,45.588,1
3130,149.95,5,0.0,31.4895,2
3131,29.95,5,0.0,8.6855,0
3132,44.4,3,0.0,22.2,0
3133,66.284,2,0.8,178.9668,2
3134,15.24,5,0.2,5.1435,0
3135,13.23,3,0.0,6.0858,0
3136,11.808,2,0.2,4.2804,0
3137,28.16,4,0.0,13.2352,0
3141,13.98,1,0.0,3.6348,0
3142,166.72,2,0.0,41.68,1
3143,24.816,3,0.2,8.3754,0
3144,124.36,2,0.0,27.3592,2
3145,32.56,2,0.0,8.4656,0
3146,46.672,2,0.2,16.3352,0
3147,119.833,1,0.15,12.6882,2
3148,119.98,2,0.0,57.5904,2
3149,38.82,6,0.0,17.469,0
3152,3.2,2,0.0,1.376,0
3153,18.96,2,0.0,8.532,0
3154,6.63,3,0.0,1.7901,0
3155,12.96,2,0.0,6.2208,0
3156,32.4,5,0.0,15.552,0
3157,18.704,7,0.2,2.338,0
3158,12.672,9,0.2,1.4256,0
3159,5.76,2,0.0,1.6704,0
3160,7.236,3,0.7,6.03,0
3161,4.824,3,0.2,1.7487,0
3162,91.36,5,0.2,29.692,2
3163,130.112,2,0.2,13.0112,2
3164,99.95,5,0.0,22.9885,2
3165,29.34,3,0.0,10.8558,0
3166,36.672,2,0.2,11.46,0
3168,13.36,5,0.2,4.008,0
3169,78.256,2,0.2,17.6076,2
3170,102.018,7,0.7,183.6324,2
3171,6.48,1,0.0,3.1104,0
3172,6.984,1,0.2,2.3571,0
3173,279.9,5,0.0,137.151,1
3174,50.352,3,0.2,17.6232,0
3175,34.02,3,0.0,16.6698,0
3176,6.63,3,0.0,1.7901,0
3177,5.88,2,0.0,1.7052,0
3179,281.97,3,0.0,78.9516,1
3180,69.5,5,0.0,20.155,2
3181,166.44,3,0.0,79.8912,1
3182,71.0,4,0.0,27.69,2
3183,124.36,2,0.0,33.5772,2
3184,23.88,6,0.0,11.2236,0
3185,15.92,2,0.0,7.0048,0
3188,7.824,1,0.2,2.934,0
3189,199.95,5,0.0,63.984,1
3191,84.99,1,0.0,30.5964,2
3193,4.17,3,0.0,1.0842,0
3194,67.04,4,0.2,6.704,2
3195,37.32,3,0.0,10.4496,0
3196,18.45,5,0.0,8.6715,0
3197,1.641,1,0.7,1.3128,0
3200,220.98,1,0.0,50.8254,1
3201,25.92,5,0.2,9.072,0
3202,6.33,5,0.8,9.8115,0
3203,75.88,5,0.2,26.558,2
3204,141.96,2,0.0,35.49,2
3205,182.55,2,0.5,135.087,1
3208,31.16,2,0.0,7.79,0
3210,46.864,2,0.2,7.6154,0
3211,26.16,3,0.2,1.962,0
3212,23.128,7,0.2,2.891,0
3213,59.24,5,0.2,16.291,0
3214,13.48,4,0.0,5.9312,0
3215,181.95,3,0.0,38.2095,1
3216,28.672,8,0.2,10.3936,0
3217,29.312,8,0.8,74.7456,0
3218,72.704,4,0.2,19.0848,2
3219,12.264,7,0.2,1.0731,0
3220,218.352,3,0.2,54.588,1
3221,62.04,4,0.0,17.3712,2
3224,44.96,2,0.0,20.6816,0
3225,182.94,3,0.0,85.9818,1
3226,13.84,4,0.8,22.144,0
3227,175.872,4,0.2,63.7536,1
3228,27.46,2,0.0,9.8856,0
3229,35.91,3,0.0,9.6957,0
3230,17.88,3,0.2,5.5875,0
3232,271.764,2,0.1,48.3136,1
3233,14.376,3,0.2,4.8519,0
3234,37.93,1,0.0,6.8274,0
3236,232.88,4,0.0,60.5488,1
3238,90.48,3,0.2,33.93,2
3239,8.544,4,0.2,1.9224,0
3241,264.32,2,0.2,19.824,1
3242,21.312,3,0.2,7.992,0
3243,19.44,3,0.0,9.3312,0
3244,12.3,5,0.0,6.15,0
3245,41.96,2,0.0,10.9096,0
3246,191.984,2,0.2,4.7996,1
3247,95.94,3,0.0,9.594,2
3249,158.928,7,0.2,41.7186,2
3250,13.023,1,0.7,10.4184,0
3251,273.06,2,0.4,104.673,1
3252,39.312,13,0.2,12.7764,0
3253,96.08,2,0.0,46.1184,2
3254,3.62,2,0.0,1.1946,0
3256,90.48,2,0.0,23.5248,2
3257,153.552,3,0.2,51.8238,2
3258,270.62,2,0.0,2.7062,1
3259,3.856,1,0.2,1.3978,0
3260,39.582,9,0.8,59.373,0
3261,44.688,7,0.2,5.0274,0
3262,31.744,2,0.2,2.3808,0
3263,40.98,5,0.8,65.568,0
3264,3.168,3,0.8,5.0688,0
3265,21.0,3,0.2,5.775,0
3266,120.0,2,0.5,7.2,2
3267,31.8,3,0.0,13.674,0
3268,44.75,5,0.0,20.585,0
3269,3.132,2,0.7,2.61,0
3271,16.032,3,0.2,5.6112,0
3272,164.388,2,0.4,35.6174,1
3273,13.248,4,0.2,3.6432,0
3275,72.45,7,0.0,34.776,2
3276,13.96,4,0.0,6.4216,0
3277,33.264,7,0.2,11.2266,0
3278,14.85,3,0.0,4.0095,0
3279,27.168,2,0.2,2.7168,0
3280,78.8528,2,0.32,11.596,2
3281,7.4,2,0.0,3.034,0
3282,64.784,1,0.2,12.9568,2
3283,1.188,2,0.7,0.99,0
3285,1.68,5,0.8,2.688,0
3286,7.968,3,0.6,2.3904,0
3287,113.372,2,0.3,3.2392,2
3288,2.96,2,0.6,1.406,0
3289,2.48,1,0.0,0.868,0
3290,25.9,5,0.0,12.691,0
3291,118.25,5,0.0,34.2925,2
3292,4.28,1,0.0,1.926,0
3295,6.03,3,0.0,2.9547,0
3296,209.7,2,0.0,100.656,1
3297,101.12,8,0.0,37.4144,2
3298,19.6,5,0.0,9.604,0
3299,68.46,2,0.0,20.538,2
3301,12.53,1,0.0,5.8891,0
3302,34.58,1,0.0,10.0282,0
3304,258.75,3,0.0,77.625,1
3305,209.3,2,0.0,56.511,1
3307,90.93,7,0.0,2.7279,2
3308,52.776,3,0.2,19.791,0
3309,13.904,2,0.2,4.5188,0
3310,20.72,2,0.2,6.475,0
3311,3.024,3,0.2,0.6048,0
